pid,20150207,20150303,20150315,20150327,20150408,20150420,20150502,20150514,20150526,20150607,20150619,20150701,20150713,20150725,20150923,20151005,20151017,20151122,20151204,20151216,20151228,20160109,20160121,20160202,20160214,20160226,20160309,20160321,20160402,20160414,20160426,20160508,20160520,20160601,20160613,20160707,20160719,20160731,20160812,20160824,20160905,20160917,20160929,20161005,20161011,20161017,20161023,20161029,20161104,20161110,20161116,20161122,20161128,20161204,20161210,20161216,20161222,20161228,20170103,20170109,20170115,20170121,20170127,20170202,20170208,20170214,20170220,20170226,20170304,20170310,20170316,20170322,20170328,20170403,20170409,20170415,20170421,20170427,20170503,20170509,20170515,20170521,20170527,20170602,20170608,20170614,20170620,20170626,20170702,20170708,20170714,20170720,20170726,20170801,20170807,20170813,20170819,20170825,20170831,20170906,20170912,20170918,20170924,20170930,20171006,20171012,20171018,20171024,20171030,20171105,20171111,20171117,20171123,20171129,20171205,20171211,20171217,20171223,20171229,20180104,20180110,20180116,20180122,20180128,20180203,20180209,20180215,20180221,20180227,20180305,20180311,20180317,20180323,20180329,20180404,20180410,20180416,20180422,20180428,20180504,20180510,20180516,20180522,20180528,20180603,20180609,20180615,20180621,20180627,20180703,20180709,20180715,20180721,20180727,20180802,20180808,20180814,20180820,20180826,20180901,20180907,20180913,20180919,20180925,20181001,20181007,20181013,20181019,20181025,20181031,20181106,20181112,20181118,20181124,20181130,20181206,20181212,20181218,20181224,20181230,20190105,20190111,20190117,20190123,20190204,20190210,20190216,20190222,20190228,20190306,20190312,20190318,20190324,20190330,20190405,20190411,20190417,20190423,20190429,20190505,20190511,20190517,20190523,20190529,20190604,20190610,20190616,20190622,20190628,20190704,20190710,20190716,20190722,20190728,20190803,20190809,20190815,20190821,20190827,20190902,20190908,20190914,20190920,20190926,20191002,20191008,20191014,20191020,20191026,20191101,20191107,20191113,20191119,20191125,20191201,20191207,20191213,20191219,20191225,20191231,20200106,20200112,20200118,20200124,20200130,20200205,20200211,20200217,20200223,20200306,20200312,20200318,20200324,20200330,20200405,20200411,20200417,20200423,20200429,20200505,20200511,20200517,20200523,20200529,20200604,20200610,20200616,20200622,20200628,20200704,20200710,20200716,20200722,20200728,20200803,20200809,20200815,20200821,20200827,20200902,20200908,20200914,20200920,20200926,20201002,20201008,20201014,20201020,20201026,20201101,20201107,20201113,20201119,20201125,20201201,20201207,20201213,20201219,20201225,20201231,20210106,20210112,20210118,20210124,20210211,20210217,20210223,20210301,20210307,20210313,20210319,20210325,20210331,20210406,20210412,20210418,20210424,20210430,20210506,20210512,20210518,20210524,20210530,20210605,20210611,20210617,20210623,20210629,20210705,20210711,20210717,20210723,20210729,20210804,20210810,20210816,20210822,20210828,20210903,20210909,20210915,20210921,20210927,20211003,20211009,20211015,20211021,20211027,20211102,20211108,20211114,20211120,20211126,20211202,20211208,20211214,20211220,20220101,20220113,20220125,20220206,20220218,20220302,20220314,20220326,20220407,20220419,20220501,20220513,20220525,20220606,20220618,20220630,20220712,20220724,20220805,20220817,20220829,20220910,20220922,20221004,20221016,20221028,20221109,20221121,20221203,20221215,20221227,height,latitude,longitude
3K5pH6Edn9,,,,,,,,,,,,,,,,,,,,,,,,,,,,,,,,,,,,,,,,,,,,,,,,,,,,,,,,,,,,,,,,,,,,,,,,,,,,,,,,,,,,,,,,,,,,,,,,,,,,,,,,,,,,,,,,,,,,,,,,2.1,2.1,6.4,8.9,-5.0,-9.2,-2.1,-2.6,2.0,-2.4,4.5,-0.3,-4.7,2.0,-3.9,-1.5,-3.4,-5.4,-1.9,-8.4,-4.0,-3.9,-4.3,-1.7,-5.0,-3.8,-2.1,-3.0,-5.8,-0.0,7.3,-1.3,-1.1,-1.9,-1.0,-1.5,-2.4,0.3,-4.3,-0.8,-3.3,-1.1,-1.4,-1.1,-0.7,-1.3,1.4,-2.1,-2.5,-0.7,-4.4,-3.0,-4.0,-5.2,-2.2,-4.3,-4.0,-0.8,0.6,-4.7,-2.6,-4.7,-5.6,-3.1,-5.0,0.5,-12.6,-14.2,-4.1,-12.7,-0.5,-5.5,-2.5,-2.8,-7.6,-8.6,-5.8,-5.8,-5.8,-3.0,-4.2,1.0,3.1,-8.5,-4.5,2.8,-4.9,-1.2,2.2,0.0,-1.3,5.8,-2.1,-0.3,-2.7,-1.1,-0.9,-1.1,-2.3,0.6,-2.4,1.2,-1.3,0.3,-0.4,2.4,-1.0,-0.7,-0.3,3.2,3.0,8.5,-5.9,-0.5,0.1,14.8,3.7,7.8,13.8,-5.4,-2.2,-5.6,4.3,6.6,7.0,8.8,0.2,-2.1,0.4,-12.2,-3.3,-8.8,-11.1,-7.2,-8.7,-2.1,-10.5,-5.8,-4.3,-4.2,-0.9,-4.6,-3.0,-4.6,-3.4,-6.5,-0.1,-4.3,-6.6,-7.0,-4.4,-7.8,0.1,-9.7,-6.4,-5.1,-0.8,-5.0,-2.4,-5.7,-6.1,-3.3,-1.1,-3.4,-1.9,-1.7,-4.3,-6.4,1.0,-7.3,1.8,0.3,-1.1,-1.5,-10.4,-6.6,-12.6,0.3,4.0,1.5,1.9,1.0,-6.5,5.7,-5.7,-7.0,3.9,-0.5,-13.8,-5.0,-6.4,5.7,-16.0,-4.3,-4.7,-3.7,-5.6,-4.4,-12.0,-4.1,-6.8,-3.3,-3.5,-7.8,-5.6,-6.3,-3.8,-2.7,2.6,-4.8,-2.4,0.9,-2.8,-1.7,2.0,-0.4,-3.1,-3.9,-3.5,-2.6,-3.2,-1.6,2.6,-3.4,-2.5,-1.7,-1.5,-0.1,-1.4,-3.4,-7.9,0.2,-4.1,-4.4,-3.5,-2.2,0.8,-0.0,-2.2,-9.6,1.0,-14.7,-14.3,-19.2,-9.4,-10.4,-6.2,-4.5,-7.6,-3.6,-3.3,-4.9,-2.6,-10.8,-8.8,-4.7,-3.1,-7.1,-6.5,-1.9,-6.3,-7.4,-4.0,-18.3,-5.2,-7.2,-5.9,-7.5,-8.7,128.2,51.102383,17.123445
3K5pH6EdnC,-1.4,1.0,-0.6,2.0,0.6,2.8,2.1,7.5,3.4,2.7,3.8,5.2,7.6,7.0,2.6,3.1,1.4,-0.7,0.2,-1.0,-0.7,3.6,-1.7,1.1,-0.6,-2.0,-1.6,1.4,1.2,1.4,-1.7,-3.0,3.4,6.9,6.5,8.6,2.0,5.2,3.5,7.5,5.5,4.7,3.9,3.2,2.2,0.9,-0.8,2.1,1.1,0.9,2.4,1.5,-0.6,-2.0,3.3,1.1,-1.9,1.8,0.1,-0.9,-2.4,-3.5,-0.5,-2.4,-2.2,-1.8,-0.7,1.4,1.5,1.5,1.8,0.2,2.4,-0.3,2.3,0.1,-1.5,-0.4,-0.6,3.5,4.3,6.3,5.0,6.2,5.0,5.7,7.7,5.1,1.2,-9.7,3.5,5.1,4.7,8.6,4.6,4.0,3.2,5.1,6.7,9.4,3.0,1.9,0.4,2.1,3.8,2.1,1.2,0.6,1.3,1.7,-0.2,0.2,-0.0,0.8,1.7,-1.8,2.1,-1.0,-0.3,-2.2,-1.5,0.0,-2.1,-0.7,-1.2,-3.3,-2.2,-1.6,-2.6,-2.1,-0.7,-1.1,-0.1,-0.5,1.1,1.7,1.6,1.6,3.9,1.5,4.2,3.4,4.0,4.0,0.3,1.7,5.1,1.9,6.0,2.5,4.1,4.7,5.3,4.2,2.9,4.5,8.2,3.0,3.9,4.7,7.0,3.9,4.7,2.3,2.4,1.8,3.2,0.8,3.0,-0.2,2.7,3.0,-0.7,-0.3,-1.7,-1.4,-1.7,-0.5,-1.9,-0.1,2.3,-1.1,-3.0,-3.1,3.8,-1.5,-0.9,-3.2,-2.1,0.1,-1.4,-0.7,0.8,1.6,0.6,0.2,2.4,1.2,-0.4,2.5,1.3,2.6,0.3,1.2,5.0,10.4,3.5,4.6,5.1,2.7,0.0,2.9,3.9,4.4,3.6,4.5,6.0,1.0,4.1,3.7,1.6,2.5,4.3,2.1,0.3,1.8,1.4,1.7,1.7,1.3,0.6,1.2,-3.6,1.7,-3.0,1.6,0.0,-2.0,-0.2,0.6,-0.2,-3.7,-0.8,-1.3,-0.6,-1.9,1.0,-0.4,0.5,-1.2,-1.7,-0.7,-0.5,-1.9,0.8,1.4,1.9,2.6,1.7,2.2,-0.1,1.1,3.0,2.8,-3.7,2.4,4.0,4.1,2.5,4.8,-2.2,-0.3,0.9,8.4,0.6,3.5,4.2,5.2,3.1,3.0,3.0,3.4,-0.0,3.1,1.3,2.6,1.7,-1.2,-0.3,-1.5,-0.2,-0.5,-1.7,1.6,-2.3,-2.0,-1.3,-2.4,-2.4,-2.2,-3.9,-1.8,-3.5,-2.8,-9.2,-1.8,-2.1,-3.3,-2.2,-0.9,-1.6,-2.0,1.8,-2.4,-2.6,-1.4,-0.8,-0.2,1.0,2.2,0.7,-3.6,2.0,3.8,3.5,5.2,1.0,3.8,1.0,3.0,3.9,0.8,4.7,3.8,3.5,3.4,4.0,2.7,4.5,1.4,1.7,0.8,1.5,1.9,-0.3,-0.9,0.5,0.9,-0.7,1.6,-1.0,-0.2,-1.1,-2.1,-1.8,-1.9,-2.9,-0.9,-0.4,-1.1,0.0,-0.3,-0.2,-0.6,0.1,1.3,1.7,1.6,3.1,3.4,2.4,3.6,3.7,2.9,6.9,4.5,6.9,6.5,5.0,1.9,2.5,2.8,1.8,2.4,1.1,-1.3,-0.5,-2.0,122.8,51.102389,17.123503
3K5pH6EdnD,-2.3,0.7,4.1,3.6,-0.3,2.4,-4.9,11.2,5.0,5.6,4.1,9.9,7.9,5.7,4.0,1.8,-0.6,-4.0,-4.7,-2.9,-3.7,-3.7,-6.1,-1.9,-5.3,-2.7,-3.7,0.5,-3.7,-1.1,-2.3,-0.1,0.9,4.8,3.9,9.4,-4.0,3.9,4.7,-16.8,5.6,2.0,0.6,2.8,-0.4,-2.7,-4.7,-1.0,-4.4,-0.0,-1.8,-1.6,-5.8,-6.8,-1.1,-3.0,-7.3,-2.7,-3.2,-4.8,-3.7,-9.0,-4.4,0.3,-5.7,-4.1,-2.1,0.8,-3.4,-2.1,-0.0,-2.4,-1.2,-2.9,-0.9,-1.6,-4.8,-4.4,-4.5,0.2,-0.2,4.6,5.0,-0.2,5.3,3.3,6.8,2.1,-4.2,-12.6,3.6,5.8,1.9,8.8,-0.3,3.0,-0.3,4.0,3.4,7.3,3.6,0.7,0.2,-0.6,0.6,1.8,-0.6,0.8,-2.8,-3.8,-3.6,-2.6,-3.7,-5.0,1.0,-5.1,-1.5,-6.1,-5.4,-3.9,-1.2,-3.6,-5.2,-3.9,-4.1,-7.2,-5.1,-5.0,-7.6,-6.7,-0.6,-6.1,-0.1,-0.7,-0.4,-0.5,0.1,-0.5,1.6,-1.1,3.0,1.6,-8.3,5.0,-0.2,1.8,7.2,2.9,5.7,0.9,2.2,1.6,-3.8,3.6,3.6,2.3,1.9,4.1,1.0,1.3,4.9,0.8,5.3,0.5,0.1,2.0,1.0,-2.4,0.7,-2.2,1.7,3.0,-4.2,-1.9,-5.3,-5.1,-3.8,-5.0,-5.9,-0.6,-4.6,-4.2,-7.5,-6.3,1.0,-6.3,-1.9,-6.0,-5.3,-2.3,-2.9,-2.2,-4.0,-3.2,0.8,-5.6,3.4,-0.2,1.5,1.8,-1.9,2.4,2.3,-1.2,-5.0,13.0,-2.4,3.6,2.9,11.8,1.7,2.8,3.2,5.4,0.8,4.4,2.9,1.3,5.5,0.2,-0.0,-1.4,1.8,2.7,-0.1,-2.5,-0.5,-0.7,-0.7,-1.6,-4.5,-2.3,-5.8,-0.7,-6.1,3.0,-6.0,-5.1,-5.2,-4.0,-2.9,-4.8,-2.7,-5.2,-1.4,-2.6,-0.6,-3.5,-2.9,-2.0,-2.2,-0.3,-2.2,-4.5,-1.2,-0.0,1.9,-1.9,2.7,-0.7,-0.9,1.8,2.2,2.2,0.9,3.0,2.5,0.7,9.1,-2.4,-11.0,-2.7,0.7,0.0,-2.0,8.5,2.1,11.1,1.2,1.3,3.4,2.1,-2.5,2.2,6.2,2.1,1.7,-1.3,-3.1,-3.3,-2.4,-1.9,-5.2,-3.2,-7.1,-7.7,-4.0,-3.8,-6.5,-5.8,-9.2,-7.3,-0.7,-3.9,-9.7,-0.8,-5.1,-8.0,-8.0,-1.4,-3.4,-5.4,12.2,-3.2,-3.1,-3.6,-3.3,-6.6,-4.2,3.9,6.2,-6.9,1.4,4.8,0.9,4.6,-2.5,8.7,-2.7,2.4,3.7,-5.1,-1.2,-1.6,1.4,3.9,2.3,-0.7,6.5,-0.3,3.0,-0.4,2.7,2.1,-1.9,-3.8,-4.6,-1.2,-3.4,-0.3,-1.9,-1.1,-4.1,-4.2,-2.4,-6.5,-7.3,-2.0,-1.9,-2.1,0.2,0.3,1.3,-1.5,1.1,2.7,2.6,3.2,5.6,1.3,0.1,5.9,8.2,2.6,7.9,8.3,11.6,10.9,7.3,3.3,2.3,2.8,-2.4,2.3,-1.4,-1.1,-0.4,-1.1,122.8,51.102394,17.123552
3K5pH6EdnE,-1.6,0.5,0.1,1.4,-0.3,4.7,2.3,4.0,0.0,-0.2,6.5,6.2,7.1,5.8,-2.3,3.1,-0.0,-1.5,0.9,1.2,-0.9,1.3,-1.5,2.1,-1.6,-3.2,-3.7,-2.7,2.3,3.0,-4.3,-9.2,9.9,10.3,9.0,9.3,3.7,5.2,4.7,6.5,1.1,7.3,-16.2,-0.2,4.6,1.2,1.4,3.1,2.0,-3.5,2.1,3.3,-3.8,-1.4,5.1,0.8,-2.8,3.4,-1.2,-2.3,-1.3,-1.8,-3.5,-9.0,-6.5,-4.0,-7.4,-2.6,1.5,2.6,-0.8,-1.9,2.4,1.7,4.1,0.3,-0.4,2.4,2.6,9.4,4.8,9.8,-14.3,8.5,4.6,2.8,-8.2,-13.5,5.3,-8.6,-14.1,5.1,10.1,11.0,7.2,-2.5,4.6,4.2,7.8,6.7,1.5,-0.5,-5.3,-4.1,-7.4,-6.5,0.9,-3.7,-0.5,1.5,-4.9,-14.5,2.7,0.7,-4.4,-4.1,-1.1,1.3,-1.6,-3.4,-4.0,-0.0,-2.9,1.2,1.4,-2.5,-1.2,3.7,-4.4,-2.2,-4.4,-1.9,-4.5,0.1,0.6,0.1,-14.2,-5.1,5.6,-2.0,-10.6,5.4,2.7,1.8,-7.5,-4.3,-0.3,-0.8,5.0,3.6,4.3,9.4,7.8,8.1,7.3,10.4,6.0,1.3,2.7,1.5,3.5,8.1,-2.1,3.6,-11.6,-4.3,8.8,1.9,2.2,0.7,-5.2,-2.4,1.3,-2.4,-3.1,0.0,-4.2,-1.3,-1.5,-1.6,2.1,0.1,-1.7,-10.3,-2.8,-0.6,-2.1,-2.6,-0.1,-3.0,-0.9,-1.3,1.6,1.3,-1.0,0.2,-1.0,3.4,-2.6,2.7,6.1,-2.7,-0.7,0.7,5.8,6.7,3.0,-1.4,9.3,0.8,-1.1,11.0,-11.9,-8.6,2.6,5.6,5.8,-7.0,-3.5,-0.3,1.2,1.3,-4.1,-1.9,-4.0,-0.3,-0.4,-2.3,-4.8,7.0,-0.5,9.4,-8.8,-2.0,-0.8,-2.6,0.3,-4.8,-1.7,-0.5,-3.6,-5.9,-1.9,-2.7,-2.5,-2.9,-1.5,-1.2,3.1,-2.5,-8.3,-1.3,-2.0,-3.9,-2.5,-0.3,1.8,-1.5,-0.6,1.3,-5.8,0.5,1.7,3.4,-5.9,2.9,5.3,5.7,0.2,8.4,2.2,8.5,4.4,12.4,4.4,-0.2,5.3,1.7,-1.0,0.4,2.3,-3.2,16.0,1.3,-2.3,-0.3,-4.0,-4.8,-2.6,-3.6,-3.9,-0.2,-1.9,2.9,-3.7,-1.7,-5.1,-2.5,-4.6,-4.5,-2.1,-4.9,-6.9,-1.1,-7.9,-6.1,-4.5,-1.9,-2.1,-3.2,-4.9,-0.4,-0.1,-2.3,-4.9,0.0,-1.0,-0.1,-0.6,1.6,-1.1,0.4,15.3,4.1,1.9,-9.1,6.5,6.6,4.5,8.4,5.3,6.4,4.7,4.8,13.8,5.0,-4.2,3.2,1.0,6.4,0.1,-3.0,-0.5,-4.7,-1.6,4.3,-2.7,-1.4,-1.7,-2.5,-3.9,-3.2,-2.3,-3.5,-4.8,-2.8,-1.3,1.8,1.6,-1.1,-0.6,-3.3,-3.2,-1.5,-0.4,2.6,3.1,-0.3,0.5,10.1,6.3,13.5,12.0,7.5,6.4,16.6,16.9,1.8,-8.8,3.2,6.8,3.4,4.4,4.6,2.6,0.4,1.4,1.7,122.8,51.102399,17.1236
3K5pH6EuqA,,,,,,,,,,,,,,,,,,,,,,,,,,,,,,,,,,,,,,,,,,,,,,,,,,,,,,,,,,,,,,,,,,,,,,,,,,,,,,,,,,,,,,,,,,,,,,,,,,,,,,,,,,,,,,,,,,,,,,,,-1.2,-1.2,1.3,-3.3,1.8,-2.7,-2.3,10.3,-1.5,9.9,10.3,11.0,1.7,1.3,-2.5,-2.6,-1.3,-1.9,-0.7,-1.1,1.1,0.6,-3.3,2.4,2.5,-1.0,-9.7,-1.6,-5.7,-13.1,-5.6,-5.2,6.6,0.6,1.3,2.1,-6.5,1.2,-1.0,-1.3,6.1,5.7,4.0,0.0,0.9,-1.6,-0.6,-1.6,-2.3,-3.3,-2.9,-4.3,-1.1,-2.6,-1.1,-3.8,-5.2,2.6,-5.4,-10.0,-9.9,-2.2,0.3,2.4,-1.1,6.8,-1.8,2.0,-0.5,0.6,0.2,-1.7,-2.7,-1.3,-1.0,-2.1,-4.4,-1.0,-3.8,3.6,-6.8,-9.5,5.2,-3.0,2.9,1.4,-2.1,6.5,1.5,-1.0,4.7,-1.7,-2.5,-8.2,1.1,1.2,-1.2,8.1,0.4,-0.3,-5.0,-3.2,-3.7,-5.3,-4.6,-12.2,-1.6,-4.1,2.5,-2.8,1.1,-8.5,-8.6,-4.6,-7.6,-3.6,-4.4,-9.7,-3.8,-2.1,-8.1,-4.9,-1.3,-3.4,-3.3,-7.2,2.7,1.6,1.6,-1.4,-0.9,-0.3,-1.7,-1.0,-0.5,1.3,-0.0,-5.1,-3.3,-4.8,9.8,0.6,-0.1,-1.0,-0.6,-10.8,2.6,-5.4,-7.5,-0.1,-5.2,-4.9,9.7,-9.0,-1.9,-1.9,4.9,-5.4,1.7,-0.9,14.4,-6.0,3.4,4.4,1.5,3.5,-0.1,-6.4,-9.6,-3.8,-9.9,-10.2,-7.9,-6.5,-5.6,-5.3,-4.3,-4.7,3.0,0.9,0.8,-3.7,-2.0,-4.8,6.0,-4.4,-14.6,-12.0,-3.8,-3.4,-0.7,-3.3,3.8,-5.3,-0.0,-7.4,-0.7,-6.4,-5.8,5.3,-7.6,1.9,-3.8,-5.4,1.9,10.9,-2.0,-9.6,-0.1,1.1,7.4,1.0,2.1,7.1,5.0,-1.7,8.2,-1.2,5.9,1.3,0.1,-1.9,-5.1,-0.0,1.7,1.2,5.1,2.3,-2.6,1.1,-0.0,-2.1,0.2,-3.3,-1.3,-1.8,-0.0,-3.3,1.6,-2.8,6.7,-6.6,1.6,6.8,-2.7,2.3,3.0,2.5,-1.4,-3.0,2.5,0.7,4.0,1.3,5.8,4.0,7.7,8.8,-0.1,6.5,5.3,2.3,7.5,4.0,10.9,7.9,-6.0,-0.5,2.0,127.6,51.1025,17.123356
3K5pH6EuqB,10.5,-2.1,1.3,0.3,-3.1,-0.9,-1.6,6.2,-4.1,9.0,-9.1,-6.1,-12.9,9.8,5.7,6.8,3.8,5.6,3.8,2.4,2.3,0.6,6.7,7.9,1.5,0.5,12.2,8.7,1.9,4.9,6.1,-0.6,2.4,-1.2,6.4,-12.2,5.5,4.1,9.5,3.4,9.9,5.8,10.0,10.8,11.4,5.4,12.3,6.9,5.0,8.0,4.8,4.9,2.6,6.0,9.4,3.9,-3.6,7.0,-3.0,1.6,-5.5,-11.7,10.0,-10.2,0.7,2.7,0.5,2.4,2.0,3.1,2.6,4.3,2.6,3.9,-6.4,1.3,-0.3,3.1,1.8,2.7,0.2,6.0,5.7,8.7,4.5,-1.1,4.8,-4.7,7.0,11.5,-0.6,0.9,4.5,1.3,-1.1,-0.7,2.9,5.3,10.8,-0.4,7.0,4.6,-5.6,-4.3,6.4,3.6,6.5,7.0,-1.1,9.7,1.6,1.7,3.8,-2.8,9.3,-2.0,4.2,-1.7,1.9,-5.6,0.3,-0.0,-2.3,-3.5,-0.3,-3.0,-3.0,0.8,2.6,-0.6,-0.2,1.3,-0.1,0.5,-1.0,-2.3,2.5,-1.9,0.2,-1.6,0.7,1.9,3.0,-2.3,10.5,-0.2,-1.8,-8.1,7.1,-5.1,11.0,5.1,4.8,3.5,0.0,2.7,1.8,-0.3,4.6,6.1,7.3,3.2,5.6,4.0,4.0,4.5,1.5,2.2,2.8,-2.1,3.9,-0.6,0.6,-3.2,-1.9,7.6,-2.3,-3.2,-3.1,-3.0,3.8,0.7,-2.6,0.6,0.7,4.2,-0.9,1.6,0.1,-1.9,0.6,1.5,4.4,0.6,-1.9,-1.9,-4.7,-2.6,-3.2,-9.3,5.9,-3.0,4.4,0.5,0.8,7.4,8.6,-4.7,11.8,8.5,1.1,-8.2,-1.3,3.8,2.4,8.6,-2.3,3.1,-0.8,9.5,-5.7,-5.2,-0.2,14.0,3.0,6.2,-5.9,5.5,3.0,0.7,-3.8,3.9,-4.2,-2.7,-2.9,-2.5,-0.5,0.0,-3.0,-0.8,1.4,-7.2,-1.1,7.4,2.5,3.1,5.3,-1.8,3.9,-0.0,-2.1,-5.9,2.7,2.0,3.0,2.8,-0.7,-3.3,11.0,0.6,-0.3,-2.7,1.2,-6.7,-4.7,1.6,1.5,-2.6,-1.5,-0.8,0.4,10.2,-0.4,4.0,6.7,-1.8,3.9,-1.9,18.3,-3.0,4.9,10.1,1.4,7.7,-0.9,-2.6,6.9,-3.3,14.6,15.6,-3.1,-0.3,-7.6,0.3,-6.0,0.4,1.3,3.1,-0.3,-0.8,-1.6,-5.9,1.9,0.1,4.5,13.8,-1.4,-1.1,0.3,1.3,2.2,-1.1,0.8,-4.5,-1.2,-2.9,-4.0,1.6,-6.0,1.9,-5.3,-7.2,2.9,18.0,-1.9,-1.6,18.2,5.3,11.2,4.7,5.9,3.3,10.0,0.8,2.2,-2.5,3.1,2.9,3.3,-1.6,-2.4,0.9,3.5,2.6,7.3,6.3,6.3,4.0,1.2,5.9,8.0,6.6,0.5,3.2,1.0,-1.8,0.6,1.2,-3.2,3.7,-3.7,1.9,4.9,-1.7,5.1,3.7,4.3,-1.8,0.4,3.7,-0.0,4.1,6.1,0.8,1.3,5.2,-1.4,-0.9,5.4,-1.7,1.6,1.3,4.2,-0.6,-1.3,-4.2,-1.1,-1.0,122.7,51.102497,17.123323
3K5pH6EuqF,1.3,-0.5,-4.0,-3.1,2.2,3.9,-1.1,8.2,13.4,7.4,6.6,-0.2,11.0,8.1,-0.4,2.3,2.0,-2.3,0.8,-0.3,-0.1,-7.8,-2.9,-0.3,-0.6,-4.3,-2.6,1.3,-1.6,3.6,0.5,4.5,2.8,7.3,7.6,8.0,2.5,2.3,6.5,3.3,9.5,5.5,3.3,7.1,4.9,2.6,0.8,2.9,1.1,2.1,1.7,0.0,-2.3,-2.9,2.0,1.6,-8.3,1.1,1.2,-4.1,0.4,-5.4,-3.5,8.1,-2.6,-5.6,2.1,11.5,2.6,0.6,2.3,-6.9,7.3,-0.9,1.9,2.7,-1.9,-4.0,0.2,4.1,4.0,2.8,6.8,3.3,5.4,1.0,12.8,4.5,3.8,-13.1,6.5,4.2,3.3,-1.7,3.0,3.6,3.6,5.1,3.9,9.8,4.1,5.2,2.6,1.3,4.3,3.4,-0.7,0.1,3.7,0.3,4.3,0.3,-0.2,-3.0,3.2,-1.0,4.8,-1.5,-3.2,-2.7,5.9,-0.8,-2.9,-2.7,0.7,-5.4,-1.7,-1.8,-4.2,-4.5,2.0,-1.3,10.2,-0.8,-1.5,2.9,2.3,-0.4,2.4,1.0,4.6,3.3,-0.2,7.3,-1.0,2.8,6.7,5.6,6.4,5.6,4.9,3.1,3.2,6.7,10.2,5.9,6.0,3.0,2.1,3.0,6.9,3.6,3.2,0.4,3.4,3.3,4.7,1.5,2.8,0.2,7.2,3.0,-0.1,-0.3,-1.0,-0.1,2.1,-7.5,-3.1,4.7,4.9,2.0,-3.2,-1.7,4.6,-3.7,-0.5,-2.4,-1.0,-1.7,0.8,-2.7,1.3,0.7,-0.8,-0.6,-0.2,3.2,6.3,5.0,2.3,4.1,3.6,11.6,0.3,-9.7,13.3,12.0,5.7,-1.0,5.8,2.0,6.2,2.6,-5.4,9.0,3.9,4.9,8.7,4.4,2.1,1.8,5.5,0.7,7.2,2.5,-1.5,3.5,3.5,2.1,-2.0,1.0,-2.5,4.3,0.3,3.3,-2.0,-0.7,0.6,1.0,3.2,-0.5,1.5,-1.5,-1.3,-2.5,1.1,-0.5,3.8,-1.4,1.6,1.8,0.1,-1.0,1.4,2.9,-1.2,-1.2,5.8,2.9,0.6,0.9,3.9,0.8,0.6,3.5,0.4,2.0,4.4,-3.7,-7.8,-0.1,4.3,0.7,5.2,9.7,5.4,12.1,1.6,1.7,0.8,2.5,-0.3,7.2,7.0,2.9,7.1,-2.2,-0.6,0.9,3.1,1.9,-2.4,0.6,-4.6,16.2,-2.3,-1.8,-1.3,18.9,-6.9,-7.9,4.7,-2.4,-4.5,0.9,-1.4,-4.7,-3.2,-2.0,1.4,-1.9,6.8,1.6,0.3,0.4,-0.3,-4.5,1.2,3.9,-4.1,-5.5,-0.0,-1.6,0.1,5.5,5.0,1.8,-0.3,4.4,5.4,-3.2,1.3,1.5,5.9,7.0,4.2,2.5,0.6,4.4,7.0,2.4,4.1,0.3,1.9,0.4,-0.6,3.4,1.3,2.2,-2.1,1.0,3.9,1.1,5.3,-0.4,0.1,2.4,-0.5,0.0,0.2,-12.0,-0.9,-1.3,1.8,2.2,1.7,3.7,5.5,2.8,2.1,5.1,3.3,-1.4,4.8,2.7,5.4,8.7,6.5,2.3,3.8,4.7,0.2,3.5,2.5,2.9,3.5,-1.7,122.8,51.102517,17.12352
3K5pH6EuqG,2.1,0.6,-0.4,2.3,-1.4,6.1,5.0,6.7,3.1,0.7,2.0,6.3,7.8,7.4,3.3,2.7,0.3,-2.9,1.1,0.6,-2.4,2.1,-2.3,1.1,-4.2,1.3,-2.3,-1.5,0.9,3.4,-2.1,-7.2,4.0,-7.8,-10.9,-13.0,3.6,7.2,2.5,8.3,4.8,6.8,5.4,0.6,2.9,0.3,3.4,-3.5,5.5,0.4,1.0,1.5,-1.9,-1.7,4.4,-0.1,-2.3,3.5,-1.2,-0.3,-1.9,-0.3,-0.7,-6.7,-7.7,-1.4,-3.7,-1.1,1.9,3.7,-0.3,0.1,3.5,0.2,3.4,-0.3,-0.6,0.1,0.7,3.1,1.8,7.1,9.4,10.1,6.8,5.6,5.0,-4.3,5.8,-9.6,-5.4,3.7,4.6,3.1,5.3,-0.6,1.1,8.0,9.5,6.4,3.1,1.7,5.0,-0.1,4.4,0.7,4.5,0.8,-3.3,1.2,-3.5,10.3,5.2,0.2,-1.0,-2.0,-1.3,-0.8,-2.6,-1.7,-4.1,-0.1,-2.3,0.1,-7.0,-5.8,-2.5,-3.2,-4.6,-2.2,-1.9,-1.0,-2.2,2.2,4.3,0.8,7.0,4.0,5.2,1.2,14.3,8.2,3.8,2.7,3.2,0.5,6.0,-4.4,4.6,-1.0,7.0,7.4,8.2,7.9,3.6,14.9,8.6,5.8,3.4,5.0,4.0,7.4,1.3,2.3,-2.7,-5.2,0.7,0.4,5.7,-0.7,-4.0,1.1,-1.2,-1.2,-1.0,-4.2,-0.7,-0.8,-0.7,-2.7,0.1,-1.7,-2.2,-10.3,0.2,-1.0,-1.9,-3.9,-1.7,2.0,-0.9,0.4,-2.5,-0.0,-3.4,-1.7,0.4,4.5,-1.9,1.9,3.8,-0.1,-2.0,-0.1,9.8,8.7,2.0,1.5,9.0,3.3,-1.6,5.5,9.1,7.1,3.9,3.0,4.7,0.4,0.3,0.8,1.4,4.2,3.3,3.6,-2.5,-2.8,0.7,6.5,0.1,13.6,-0.2,1.1,-6.6,0.4,-4.2,0.0,1.3,-1.9,-0.9,2.1,-2.4,-5.5,1.2,-3.1,0.5,-1.9,-0.8,2.9,-2.5,-0.8,-2.6,1.6,-1.5,-2.0,0.9,3.8,1.9,1.8,-0.5,0.3,-0.5,4.5,1.9,2.5,-3.0,2.9,3.4,2.4,4.1,3.9,0.4,2.3,0.8,10.1,-3.8,2.3,5.2,4.1,5.1,1.5,4.6,5.5,6.6,2.4,-1.3,2.1,-0.9,-2.3,1.2,-3.9,-1.7,0.2,-2.0,-0.5,-0.9,-4.5,-2.6,-1.2,-2.1,-4.5,-3.5,-3.1,-5.4,-1.4,17.6,-6.6,-6.6,-3.3,-1.8,-2.5,-5.2,-1.6,2.2,-1.7,-2.3,-1.9,-1.3,-1.0,1.1,1.8,1.5,-1.2,0.7,5.2,2.6,11.1,3.9,7.6,4.1,7.0,2.2,4.6,4.1,3.9,0.2,2.0,14.1,3.1,3.6,2.1,2.6,-1.2,2.2,0.1,-3.1,-0.8,-2.8,-2.5,-0.2,-3.4,-2.0,-0.8,-4.4,-7.4,-4.2,-5.1,-1.9,0.4,1.6,1.6,-1.0,-1.9,-1.8,-2.2,-2.8,2.5,3.2,0.2,1.8,4.1,6.1,0.8,10.2,7.5,7.4,12.0,12.3,6.0,5.3,2.2,1.3,1.7,3.0,0.7,1.9,-1.5,0.3,5.3,122.7,51.102522,17.123568
3K5pH6EuqH,4.9,-1.9,-1.0,0.3,-1.9,2.6,1.0,5.6,2.2,3.7,5.1,7.2,6.3,3.6,2.0,1.6,-0.5,-0.1,1.9,-0.9,-4.1,0.8,-1.6,2.9,-5.9,0.8,5.5,0.7,1.0,3.1,-2.8,-1.4,0.0,-3.2,1.6,-4.7,2.3,4.6,3.3,5.7,4.8,4.0,2.2,3.3,3.9,2.7,3.7,1.4,3.1,1.3,0.4,2.3,-3.6,-1.1,-0.0,-1.5,-4.4,3.8,-1.6,-3.4,-1.6,-2.4,0.5,-4.9,-7.0,-3.9,-6.5,0.6,-1.6,-1.6,-1.9,2.4,3.7,-0.7,0.7,0.1,5.1,-0.4,-1.4,1.1,-0.8,4.1,5.9,6.9,4.5,2.3,7.0,-1.1,3.9,-11.0,1.3,3.1,0.7,1.5,3.4,1.2,-1.0,1.7,9.9,5.9,4.8,3.8,3.3,0.4,2.4,0.0,4.3,3.1,-1.9,2.6,-3.5,2.2,1.6,-0.5,2.1,1.6,-1.9,-1.2,-2.5,0.5,-1.6,2.7,-6.0,-3.0,-3.7,-5.9,-1.4,-3.1,-5.6,0.1,-2.3,-1.8,-5.5,3.6,0.5,-4.7,4.8,5.4,2.7,1.9,5.4,8.7,2.2,0.6,-0.8,2.0,10.0,0.5,5.7,3.9,2.8,8.2,4.5,3.9,7.0,9.1,1.7,4.2,5.5,1.3,5.4,5.3,1.7,3.3,0.7,-0.6,2.9,3.3,5.1,2.2,10.0,2.9,3.7,0.6,-2.0,-2.8,3.0,0.2,0.6,-1.0,2.0,-2.5,1.0,-7.5,-1.9,1.8,-1.6,1.4,-3.7,-5.6,1.1,0.6,0.4,0.5,-4.3,-1.9,1.3,2.4,-2.0,5.1,2.6,-0.0,-0.5,-0.9,7.9,11.5,2.0,4.7,5.7,2.1,0.3,4.7,5.7,3.4,1.9,0.7,3.8,0.2,-5.7,0.0,0.6,2.8,-2.1,6.3,-2.2,-1.5,0.6,2.9,1.5,0.7,-0.7,-1.5,-3.0,5.0,-2.5,-4.3,0.0,-3.9,-2.1,2.8,-1.6,-1.4,0.8,-3.4,-0.3,-2.1,-0.5,-0.7,-2.0,-1.2,0.8,-0.2,0.3,-5.4,-3.2,1.4,2.0,-1.8,-2.4,16.0,-1.3,7.5,0.3,1.8,-2.5,4.1,2.1,1.7,2.6,-0.7,-5.0,0.7,0.8,6.5,-2.4,2.9,4.4,5.3,-2.0,2.4,5.1,6.2,-0.5,3.3,4.0,1.8,2.2,1.8,-6.0,-0.8,1.1,1.1,3.4,-2.5,-0.7,9.6,-1.6,1.6,-1.1,-5.4,-3.3,-4.7,-4.5,-3.5,-7.1,-8.5,-6.9,-1.2,-2.0,5.2,-2.3,-2.4,4.2,0.6,0.7,-1.0,1.6,-1.5,0.9,1.7,-1.9,-6.0,3.3,3.6,0.8,10.6,4.6,6.7,4.1,3.5,2.8,2.1,1.2,4.7,0.7,-0.5,-2.8,-0.2,1.0,1.5,3.0,2.3,3.1,-1.1,0.2,0.7,-2.5,-1.0,-1.2,-1.8,-0.2,1.8,-3.6,0.5,-4.9,-5.2,-1.8,-0.4,-1.7,0.2,-1.4,-4.5,-2.7,-4.3,-1.1,2.0,1.4,-3.4,-0.2,1.5,6.0,-1.5,6.4,1.2,1.7,5.4,10.1,7.1,2.9,-0.7,-2.6,2.0,0.3,-0.4,-1.0,-1.0,-3.0,2.9,122.8,51.102527,17.123617
3K5pH6EuqL,4.6,0.4,-3.3,-1.3,-2.4,2.2,4.6,8.8,10.8,8.9,7.6,3.5,6.8,6.8,4.9,2.2,-1.4,-1.7,-3.1,-1.4,1.3,-0.5,-4.3,-7.8,-3.3,-10.9,-5.2,-9.5,4.0,3.7,-3.5,-1.1,-1.1,4.4,4.2,8.5,-8.0,2.5,0.2,3.9,3.0,4.2,5.7,2.0,0.7,0.7,5.5,-3.1,3.0,1.3,0.9,1.8,-1.5,0.7,1.1,1.7,-2.1,0.7,-2.2,-5.6,-10.1,-12.7,-12.4,5.4,-1.3,-0.1,0.4,-0.7,-7.4,0.9,-1.4,-0.8,4.2,0.9,-1.5,-2.5,-6.3,2.3,-3.6,4.0,-3.0,6.0,4.7,2.2,3.0,6.4,8.9,11.1,2.3,-13.8,4.0,5.7,0.6,8.5,9.1,7.1,3.5,3.5,6.4,8.3,6.3,1.3,-1.8,3.5,4.0,0.1,1.6,-1.7,-1.4,-2.0,-0.3,3.9,-2.6,-1.2,3.6,-3.7,-2.2,-0.5,-4.1,-0.3,-0.7,11.2,10.1,-3.4,-0.4,-3.2,0.2,1.0,3.0,3.0,-4.2,7.5,0.6,-3.6,1.2,2.8,0.8,4.1,-2.0,5.2,5.4,0.1,-7.3,5.8,3.6,3.4,5.2,0.2,5.9,0.4,5.2,2.6,3.3,0.1,5.1,5.7,6.6,5.7,1.4,6.4,4.4,4.9,4.2,8.9,3.7,-1.5,0.7,0.0,4.2,3.2,1.4,0.4,-2.3,-0.9,-7.9,3.9,-6.8,-0.9,-5.1,-4.1,-8.3,-0.7,-7.3,-0.8,-2.0,-0.9,-3.7,-6.7,-1.0,1.8,-2.6,2.0,6.5,1.1,0.9,-2.2,1.8,5.3,-1.4,2.3,-0.9,-0.9,0.4,2.2,1.1,5.5,3.4,2.9,-5.5,4.4,1.2,0.6,1.9,2.1,1.0,9.2,5.9,8.2,5.4,0.3,-0.5,0.5,-3.7,-0.9,-1.3,1.6,-2.2,0.6,1.3,-2.3,-0.2,-1.1,-2.8,2.9,-2.8,3.1,-3.7,-3.7,-3.1,-2.2,3.5,-5.3,-1.6,2.3,-0.9,-5.5,0.4,-3.7,-0.5,-0.9,6.9,-1.4,-0.2,-7.6,-3.7,3.7,5.6,2.5,-0.2,9.7,-2.7,0.0,-4.4,1.9,-2.0,-3.7,-1.9,2.0,-0.4,2.1,0.6,0.7,4.6,7.2,-2.4,3.5,2.5,3.8,0.1,-3.0,-0.5,4.7,-3.2,1.2,3.2,0.5,-2.8,0.9,0.1,-0.8,-2.4,-0.9,-3.1,4.3,-4.9,-1.5,-8.0,-0.5,-3.5,-0.6,-8.1,-5.2,-1.3,-6.0,17.2,-0.0,-7.0,0.3,-2.7,1.7,0.3,-1.0,4.7,4.2,0.3,-7.8,0.8,9.5,2.2,-1.5,1.3,-3.3,-6.3,-0.5,-5.6,6.1,1.7,9.8,3.2,0.2,6.5,9.3,18.5,1.1,5.6,1.3,4.0,1.1,5.8,3.3,0.2,-0.2,2.6,-2.5,15.4,-0.1,19.3,5.8,2.0,-1.3,-1.4,-0.7,-0.6,-3.0,-3.5,-4.1,-5.8,-6.1,-3.7,1.4,-10.4,-4.9,1.7,-3.9,-2.6,-4.9,-2.2,-1.4,-6.9,4.4,-8.2,0.6,-0.7,1.7,3.1,-2.8,-1.3,3.3,3.6,-0.8,0.4,-0.3,0.1,-0.7,-0.4,-2.9,-2.1,-2.9,122.7,51.102547,17.123811
3K5pH6FBtJ,,,,,,,,,,,,,,,,,,,,,,,,,,,,,,,,,,,,,,,,,,,,,,,,,,,,,,,,,,,,,,,,,,,,,,,,,,,,,,,,,,,,,,,,,,,,,,,,,,,,,,,,,,,,,,,,,,,,,,,,-1.3,-1.3,2.0,0.5,-0.3,-5.5,-0.4,-2.9,0.4,-2.6,-3.4,-1.1,4.1,-0.7,-10.8,5.6,1.3,-6.1,10.0,5.0,-0.6,4.5,4.0,10.0,0.3,6.6,0.3,0.4,8.5,-3.7,-2.7,3.5,8.2,-4.8,2.2,-5.6,6.7,14.7,-0.5,1.9,13.3,2.5,4.6,2.7,2.7,2.3,-2.7,-0.4,3.8,1.8,-5.8,0.9,-9.0,-2.8,6.5,6.7,-3.5,-4.2,6.2,1.2,11.1,4.8,8.4,-9.3,4.2,-6.6,-0.4,4.6,-3.0,1.2,-4.5,0.7,0.2,-1.9,0.3,-3.7,-6.1,-2.9,-4.2,1.5,-3.9,1.4,-4.5,6.3,-2.1,-0.7,6.0,-4.8,-1.1,4.6,5.0,5.8,-0.2,3.7,9.5,-6.0,2.7,-2.2,-1.3,1.2,-2.7,-1.3,4.5,1.6,-5.0,-5.9,-3.6,-0.2,-2.0,1.8,-0.7,-3.4,-4.6,-1.3,-0.3,6.2,-1.0,-4.6,2.6,0.0,-11.6,9.6,-0.3,-0.8,2.9,-0.6,0.6,-3.4,-1.9,1.8,-4.4,-2.8,-3.2,-2.1,-4.4,-5.1,-0.3,1.0,2.2,2.0,-4.2,8.2,3.3,10.8,-8.6,-4.1,-1.2,6.2,6.0,2.6,-5.2,-2.2,4.0,-5.4,-10.2,-2.2,-4.1,1.3,0.5,4.5,2.8,1.7,4.6,4.9,-2.6,-0.1,3.6,-0.1,-0.7,5.1,-5.3,0.1,6.4,1.2,-0.3,10.2,0.4,9.6,-9.3,3.8,1.6,-9.0,7.2,-3.3,-2.7,-8.9,2.6,-6.2,-1.1,-6.2,-5.1,6.4,-6.2,-0.1,2.4,0.3,-0.3,2.6,-2.4,-1.6,-4.7,-0.8,-5.7,-3.5,-2.1,3.2,0.8,4.1,-2.7,5.3,3.8,-3.0,8.4,3.6,6.0,4.8,-5.7,-6.7,5.0,-3.4,-1.7,-2.7,1.1,1.9,-2.5,-1.8,-0.6,1.2,-13.4,-1.6,0.7,-1.2,-14.3,0.7,-9.0,6.1,-3.6,-7.4,-17.1,-5.5,-2.2,-6.1,5.6,-1.2,-2.0,-7.4,-5.3,-3.4,-0.9,1.3,-1.6,9.4,-3.0,3.5,0.9,1.8,-0.0,-0.1,4.3,1.3,-6.5,-0.7,-0.9,-2.3,-5.3,-8.5,-7.1,-3.6,6.9,126.9,51.102657,17.123653
3K5pH6FBtK,,,,,,,,,,,,,,,,,,,,,,,,,,,,,,,,,,,,,,,,,,,,,,,,,,,,,,,,,,,,,,,,,,,,,,,,,,,,,,,,,,,,,,,,,,,,,,,,,,,,,,,,,,,,,,,,,,,,,,,,-5.8,-5.8,-0.8,-5.6,-1.7,-4.9,2.5,-0.8,0.7,-1.8,3.0,1.1,-3.6,-0.6,-4.6,-0.1,-4.6,10.3,5.4,5.0,7.6,6.2,4.2,-6.6,-0.7,-7.0,-0.7,5.6,6.7,-6.0,9.5,5.6,8.9,-6.5,3.9,-4.1,6.3,1.2,3.6,5.9,12.5,1.3,7.9,4.7,11.3,2.9,-4.4,-3.5,7.9,11.4,-9.5,2.9,-7.4,-4.6,7.6,2.4,-2.8,-5.9,5.6,-3.7,-5.8,3.1,2.9,-2.2,-1.6,-3.5,-5.7,0.7,-2.0,2.5,-5.4,-4.4,-6.6,-1.3,2.8,1.1,-2.1,-6.8,-5.8,8.9,-5.0,1.1,-6.4,2.5,-2.0,-0.9,3.1,-8.9,-2.8,5.0,6.2,3.6,0.8,0.8,-6.9,-2.1,-2.7,-6.8,-4.7,1.6,2.0,-0.3,4.8,-1.2,-3.0,-1.2,-1.9,-0.6,-3.7,0.1,-0.3,3.2,-3.6,0.6,2.3,1.9,-1.7,-3.2,0.4,-5.0,-2.8,9.1,-1.6,0.0,1.3,-0.6,-3.1,-3.3,-0.5,1.6,-3.7,-3.1,3.8,-2.8,-1.1,-6.4,-1.6,1.3,2.8,1.1,-0.2,7.3,3.0,14.4,-5.1,-4.6,-2.8,4.1,6.2,7.6,-5.5,0.5,14.7,3.4,-5.5,0.7,-5.3,1.4,4.2,4.7,0.2,3.0,1.9,7.7,-1.3,0.2,1.6,-0.6,-4.7,5.9,-5.8,-0.1,12.9,1.4,3.8,-1.2,-2.6,-9.2,-1.3,13.6,1.7,10.7,4.0,-1.1,-4.1,-10.8,8.2,-3.7,2.7,-1.8,-7.9,2.1,-4.2,-3.8,5.6,-6.8,-0.6,5.8,-2.1,0.2,-1.7,1.7,-5.6,-1.8,2.7,5.5,2.7,3.5,-2.6,6.7,3.7,-1.4,2.8,1.5,6.2,4.8,-7.0,-5.0,1.9,-3.8,-0.0,1.3,3.8,1.6,0.6,-0.8,2.1,2.4,9.0,3.1,-8.1,7.4,-7.7,-0.0,-7.9,1.9,-2.5,-6.4,0.7,-5.6,0.5,-0.4,0.0,-3.1,-6.8,-8.4,-7.8,-8.8,0.7,4.7,1.6,5.5,2.7,5.7,0.8,6.5,2.9,-4.7,10.1,1.6,5.5,-0.2,0.8,-5.5,-4.4,-5.3,-6.9,-7.2,0.2,129.1,51.102666,17.123736
3K5pH6FBtM,-2.1,2.3,3.8,3.2,-3.1,1.6,2.4,6.2,-5.3,1.5,6.4,1.7,13.2,9.6,4.6,6.6,5.1,1.1,7.8,4.5,7.3,4.0,1.2,-0.9,3.7,-5.8,-0.7,-3.7,1.2,-0.3,-0.4,4.9,7.6,9.9,6.1,13.0,3.9,6.0,2.5,14.9,5.0,5.4,8.0,2.8,3.5,5.0,-5.8,0.5,4.0,4.2,4.3,8.1,5.1,-1.8,5.0,5.8,5.3,6.5,2.0,-0.5,-1.4,-1.0,1.2,2.7,-0.2,2.3,2.1,2.9,0.0,-0.5,2.3,4.7,10.0,0.1,0.7,-0.9,-0.0,0.9,3.0,10.9,5.0,12.5,-4.7,4.7,8.4,7.2,8.7,7.8,5.0,16.8,9.0,12.5,10.8,2.1,11.7,8.9,8.1,10.6,-6.1,10.7,-7.6,6.9,0.5,9.4,3.5,0.6,6.2,3.6,1.7,-1.7,1.1,5.0,4.8,2.1,0.7,5.0,5.0,0.6,2.3,-8.6,-4.7,-8.1,13.5,-1.6,8.0,-0.8,2.2,3.3,-9.3,-6.1,-0.8,7.8,5.9,1.1,10.9,-2.2,4.8,3.2,5.0,7.2,8.9,5.3,5.0,1.4,1.1,5.1,6.1,0.2,10.5,4.4,10.5,7.4,7.0,-0.4,12.1,4.0,12.8,10.1,3.6,9.2,9.0,5.6,6.3,4.7,6.3,2.2,4.8,5.4,6.7,4.7,3.8,2.5,1.7,2.8,0.0,1.0,0.0,1.3,0.2,-0.7,0.4,3.4,0.4,3.3,3.7,0.1,2.5,-0.4,3.0,8.0,2.2,12.5,6.1,4.1,3.0,3.6,5.2,10.2,-4.5,3.7,2.9,3.8,5.5,2.3,2.9,11.6,10.5,7.0,8.7,8.9,1.9,8.0,7.5,4.9,5.5,5.4,13.9,-6.9,7.1,4.1,0.8,6.0,3.7,4.9,-1.6,5.7,2.7,6.2,4.7,3.5,2.9,-1.6,1.0,9.5,0.1,9.7,-0.7,0.4,0.3,2.3,7.4,1.4,1.2,1.6,3.1,-5.4,3.9,-0.9,0.3,3.2,13.7,-1.6,2.9,-4.3,-1.4,3.4,3.5,6.8,3.5,-4.1,1.1,1.4,2.4,6.5,-3.3,10.9,2.5,0.5,16.6,11.1,16.6,1.6,8.1,2.2,-1.5,9.1,12.1,10.1,0.9,-3.0,6.4,1.2,4.5,4.7,15.3,4.2,-0.2,1.6,1.8,-3.7,5.2,1.6,19.0,12.3,2.5,-2.7,-1.5,-1.7,1.0,0.2,-4.4,-4.0,11.7,-3.2,-5.0,2.4,-3.3,1.6,-0.8,-1.8,-3.3,-1.5,6.1,-4.8,3.0,1.2,3.5,10.0,3.5,1.3,4.2,0.7,4.4,9.6,5.9,6.9,2.1,9.5,1.5,2.0,11.5,5.6,-3.6,5.7,-3.9,0.8,5.4,4.8,5.6,11.5,4.4,4.2,8.5,3.3,17.0,4.2,1.8,3.1,8.4,1.5,3.7,2.7,5.4,1.7,-0.4,-3.4,5.3,5.2,1.1,-0.9,-2.9,2.9,4.2,4.1,6.5,1.9,3.8,6.8,-0.3,7.3,-0.5,7.4,11.4,9.3,9.7,6.4,3.6,7.4,11.1,1.9,0.1,7.6,7.8,5.0,2.6,-0.7,0.2,-1.4,122.7,51.102665,17.12373
3K5pH6FBtN,0.9,-1.4,-1.7,2.0,-1.4,4.7,2.9,5.5,7.0,3.6,7.5,5.4,7.6,5.7,3.3,2.4,-2.1,-1.7,0.3,-0.8,1.8,2.0,-4.1,-2.2,-3.0,-11.7,-6.3,-9.2,3.3,4.2,-1.2,-1.2,5.0,6.2,4.6,9.8,1.8,5.9,1.2,3.3,4.7,1.9,6.3,2.8,1.0,-1.7,2.9,0.8,3.0,2.2,0.6,1.4,-3.1,-2.0,1.2,1.8,-0.6,1.5,-0.1,-0.5,-8.1,3.2,3.3,0.1,0.1,1.8,-0.3,-1.1,-5.0,1.5,-0.3,-0.6,2.1,1.7,-0.5,3.0,-4.2,0.1,-3.5,7.2,0.4,7.2,3.5,5.1,4.4,3.6,8.7,4.2,1.8,-11.2,3.3,4.3,3.0,5.7,5.3,5.2,2.7,4.2,6.8,6.0,6.0,-0.1,-1.5,3.3,3.5,-0.1,2.4,0.7,-1.9,-4.4,-0.3,1.3,3.3,1.9,2.7,-2.1,-0.8,0.4,3.1,0.0,-1.3,4.4,4.7,-3.2,2.3,-3.0,0.7,-0.1,2.2,3.3,-1.1,-1.1,1.5,3.1,-0.3,-1.5,1.1,1.0,-0.6,3.2,5.2,0.9,-0.9,4.5,1.6,1.5,6.5,-1.0,6.2,1.0,6.2,2.0,4.2,1.6,4.6,5.9,7.0,3.9,3.4,3.9,6.3,3.3,2.7,3.1,2.9,-1.1,0.7,-0.1,3.4,0.9,0.1,2.8,-0.1,0.2,0.3,3.5,-3.5,-2.3,-1.5,-1.8,1.5,0.7,-1.4,-1.4,-1.2,-1.3,0.8,-5.1,-0.1,0.4,-2.5,-1.2,1.8,2.6,0.2,-0.1,0.4,4.2,-1.6,0.1,-0.6,3.4,0.9,-1.4,1.3,8.9,2.9,2.6,5.6,4.0,0.2,2.9,3.0,2.4,1.0,4.0,5.9,5.0,2.9,-0.3,-3.7,1.6,-0.8,1.8,-1.9,2.5,0.7,1.6,0.6,-0.3,-0.0,2.3,-3.4,2.9,-2.6,2.5,-2.1,-3.1,-2.2,-0.4,1.8,-3.9,-1.7,-1.1,-1.3,-8.5,-1.1,-0.3,-0.9,-1.3,4.5,-1.6,-0.0,-2.0,-0.3,3.0,5.2,2.7,7.6,5.1,-1.2,-0.4,-0.3,1.1,-4.6,4.6,-1.1,-0.1,1.5,2.9,0.9,-0.1,3.0,9.0,-2.4,1.9,6.4,3.7,-1.3,-4.3,2.6,1.2,-2.0,1.0,4.5,0.5,1.6,0.9,3.1,-1.4,-3.9,-1.2,-0.4,2.7,-4.4,-3.3,-7.1,-4.1,-3.0,-3.9,-6.3,-3.4,0.2,17.6,15.4,0.4,-5.7,-1.7,-4.7,0.2,0.4,-1.0,2.4,-0.0,0.7,-4.0,-0.3,4.6,-1.4,-0.9,-1.2,-2.7,-2.3,1.4,-0.2,3.7,1.7,7.0,0.6,3.4,5.2,5.7,-1.0,1.3,4.6,-1.0,1.6,-0.7,6.1,2.1,1.0,-2.2,2.6,-0.5,11.9,-1.5,-2.7,4.0,1.4,-0.3,-0.8,0.0,-4.3,-2.6,-3.3,-2.9,-1.0,-1.3,-4.4,-0.7,-5.8,-4.6,0.6,-2.7,-0.2,-1.8,-0.3,-0.7,-1.9,3.6,-0.7,3.0,1.1,4.0,3.2,-0.5,1.7,3.2,2.7,-3.0,-0.8,0.5,0.2,-0.4,-1.7,-2.9,-2.9,-3.4,122.7,51.10267,17.123779
3K5pH6FBtO,1.8,2.3,0.2,2.6,1.3,4.0,0.8,9.4,-3.2,5.0,6.7,5.0,-1.0,-8.3,-3.4,7.1,1.5,-0.7,-0.3,1.0,6.1,-6.0,-6.4,-6.6,-2.4,-13.3,-5.0,-3.8,-0.9,5.2,3.8,-4.4,1.8,1.7,2.8,4.7,0.8,2.4,0.3,1.1,1.1,3.0,6.8,4.6,5.3,-4.7,2.2,-2.2,-8.4,3.1,-0.1,-2.1,4.3,-5.5,0.2,-1.2,-3.3,-5.9,4.1,7.3,-12.1,-9.2,-1.6,1.3,2.1,-2.7,-2.7,-0.6,2.2,3.8,-2.2,-1.8,1.9,0.8,0.9,3.0,-3.4,-0.5,-5.6,1.7,1.0,3.4,-2.3,5.6,2.1,-4.5,9.3,-3.1,2.0,-12.2,-3.3,4.0,-12.6,4.6,-0.4,1.7,2.7,-1.0,0.8,10.6,1.4,-4.8,-3.4,-1.2,3.5,-2.3,-1.8,2.8,-1.2,-0.4,-1.9,-1.4,-1.2,-0.9,1.3,-3.9,-8.2,-0.3,4.6,-2.9,-2.1,-1.7,-9.8,-1.6,-5.0,-4.9,1.4,-7.0,-3.6,-3.1,-5.2,-4.2,2.2,1.6,-2.1,9.0,2.6,-1.4,5.2,1.4,-3.4,0.8,1.2,5.1,-2.9,-0.6,0.2,1.4,0.1,-1.9,1.3,0.5,1.9,1.5,1.4,0.5,12.4,1.3,0.7,-1.7,4.7,1.4,-1.0,2.5,1.1,-2.8,1.4,0.6,0.4,-2.7,1.6,1.3,0.5,-2.1,-6.0,-0.7,-4.3,-2.5,0.3,-2.1,-0.1,-7.5,1.9,-3.2,-7.2,-1.5,-6.9,-2.7,8.4,-6.8,-1.9,-6.6,0.4,4.2,-5.5,7.2,-5.0,-4.0,-3.8,-1.7,-1.9,2.0,-2.9,-4.5,0.3,8.9,0.1,0.5,3.1,1.2,0.1,2.6,-0.9,3.9,-6.4,4.0,2.7,-1.7,-1.8,-1.0,-3.7,0.4,-3.8,-0.1,-2.5,-1.1,-2.2,-1.9,-2.1,-3.4,0.3,1.8,-5.2,0.5,-3.9,-0.2,-2.8,-7.5,-0.1,2.1,-0.5,-5.1,-2.4,-2.6,0.5,-6.6,-1.6,-3.6,-1.1,-4.7,0.8,-3.4,-2.9,0.9,-1.2,0.3,3.6,-1.3,10.4,4.5,-3.2,1.2,4.7,1.3,-2.4,2.1,0.4,-0.8,0.1,-5.6,-0.2,15.1,-0.9,6.6,-2.9,1.5,1.0,-0.5,0.0,-0.2,-0.6,0.6,-3.3,-0.3,1.5,1.0,-0.2,-0.4,9.2,-2.7,-5.6,0.6,-1.7,0.7,-5.3,-2.5,-7.4,0.3,-4.4,-2.0,-3.8,1.5,-0.1,3.8,-10.1,-0.6,-6.3,4.9,-4.9,-0.5,-2.3,-1.4,2.6,-3.6,0.6,-2.8,0.2,4.2,0.1,-3.5,-2.5,-0.1,-5.0,0.6,-0.2,-2.3,0.9,3.0,3.6,0.1,2.6,15.7,4.3,-0.2,2.3,1.1,-1.2,-1.3,5.5,-0.4,-5.6,-1.7,-1.0,-1.6,-5.0,-2.9,-5.9,3.2,-0.0,-1.7,-1.5,-0.3,-3.2,-5.1,-1.5,-1.3,15.6,-9.3,-0.0,11.7,0.5,-2.8,-0.6,-2.2,4.8,9.0,8.3,-4.3,1.8,0.5,-1.8,4.1,2.8,2.8,4.9,0.8,2.7,3.3,1.1,-0.5,-6.9,-0.3,3.2,3.7,7.4,5.5,6.7,0.3,122.7,51.102675,17.123828
3K5pH6FBtP,,,,,,,,,,,,,,,,,,,,,,,,,,,,,,,,,,,,,,,,,,,,,,,,,,,,,,,,,,,,,,,,,,,,,,,,,,,,,,,,,,,,,,,,,,,,,,,,,,,,,,,,,,,,,,,,,,,,,,,,-0.2,-0.2,1.8,-3.0,-3.9,-7.5,-2.2,1.0,10.9,-2.5,0.3,-2.6,-0.9,2.1,-6.0,4.2,0.6,-9.7,10.6,1.4,11.7,1.3,-0.3,2.8,2.7,11.6,-1.0,-0.7,1.5,8.4,-0.6,-0.7,3.3,5.0,2.6,4.5,1.4,1.8,-8.7,3.7,2.8,-0.5,6.4,3.6,-2.7,5.3,2.7,0.6,5.3,11.3,2.7,0.4,2.5,3.9,2.8,0.5,-1.5,0.3,1.3,0.3,6.7,1.3,-2.3,-5.0,-10.6,-3.2,-1.9,4.0,-2.4,5.8,-11.5,-3.0,2.9,-1.7,5.2,9.9,-0.5,-11.0,-2.2,-1.9,-0.5,-1.2,-1.6,6.1,-2.2,-2.1,2.2,8.6,4.6,3.1,6.2,4.7,4.3,6.1,2.0,11.0,-3.4,3.8,3.3,-0.3,0.2,-0.3,0.9,2.8,-1.5,2.5,1.3,1.0,-2.2,1.6,1.7,-2.5,-3.2,2.7,-0.9,-0.5,-2.2,-1.3,-1.5,-5.4,-4.0,-11.4,0.0,-0.2,-0.7,1.1,5.5,-1.8,0.8,-0.5,1.9,-1.8,4.2,-1.6,-1.9,-11.0,-1.3,1.4,8.0,-0.5,18.4,9.3,0.3,6.0,11.9,5.9,7.3,1.2,0.5,3.1,1.5,-3.3,8.7,-5.0,-1.9,1.9,2.9,8.9,0.3,1.2,2.6,3.3,-1.4,2.8,3.8,-0.7,3.3,4.7,-0.2,1.1,-6.3,2.5,-2.4,4.8,0.0,-1.0,0.1,-5.7,-1.8,7.9,-1.3,-5.0,1.2,9.3,-6.2,12.3,7.7,0.5,-1.3,16.1,-1.6,3.8,1.6,0.4,5.1,-3.6,6.0,-0.7,-7.2,-3.1,3.6,-0.5,3.5,-12.2,-1.3,3.7,3.1,-2.8,0.1,2.5,-2.8,0.9,5.7,-2.3,11.1,3.4,-1.5,2.2,1.7,1.4,2.7,4.3,-3.3,1.9,1.3,-0.7,0.3,2.8,-1.1,9.5,1.1,-0.1,0.4,2.1,1.7,-0.7,2.1,2.6,-6.8,2.0,-10.0,2.1,0.1,-2.3,-0.8,10.6,-8.9,-12.0,-2.8,3.6,1.8,-1.5,7.2,6.9,3.2,7.7,2.2,7.1,6.2,3.4,2.6,-5.3,0.1,9.6,-7.1,-11.7,-11.8,-14.6,-0.7,126.9,51.102687,17.123946
3K5pH6FBtQ,2.3,1.0,-0.6,-1.6,8.0,0.2,6.0,-6.2,3.5,2.7,5.0,3.9,5.1,2.3,4.3,-3.5,-1.3,3.3,1.2,-6.0,-1.2,4.4,2.0,-2.2,-3.6,-2.1,-2.5,4.4,-0.2,0.1,-11.0,3.0,9.0,5.4,8.7,4.9,2.8,7.6,3.1,5.3,5.0,1.7,2.0,0.7,-8.0,3.3,-1.8,3.5,0.3,-1.9,4.2,1.9,-2.8,-0.8,5.4,4.0,2.3,1.6,-2.4,-5.6,0.3,0.5,4.6,5.7,-2.0,1.4,3.5,5.0,1.8,-0.4,2.1,2.5,2.9,4.2,1.4,-0.4,-0.1,2.4,-2.1,6.5,0.7,4.6,0.0,4.5,1.6,2.0,-1.5,4.8,-1.5,-10.8,5.6,-1.5,0.2,13.0,6.1,8.3,4.7,4.3,6.9,1.7,3.5,-0.6,0.2,3.6,2.2,2.4,3.6,-7.3,0.3,3.3,2.3,0.8,-0.1,0.7,-1.6,2.5,-0.1,0.2,-2.6,1.4,-0.5,1.0,-1.2,-3.2,0.6,-0.7,-10.7,1.0,1.2,0.4,-2.0,3.0,-0.7,3.0,1.1,-1.4,-0.8,0.2,6.4,-0.1,4.4,2.1,4.5,8.0,-0.1,1.2,6.6,2.2,2.8,2.1,4.7,6.6,3.1,5.2,3.4,4.9,0.6,4.4,4.9,3.3,8.6,6.2,2.5,5.4,3.4,3.6,3.5,-7.2,4.6,2.3,4.1,6.5,-0.1,0.8,1.4,1.8,0.7,4.5,-7.3,-0.3,0.8,0.7,-6.8,-3.2,-0.2,7.9,0.0,10.6,-7.2,0.4,-3.5,1.5,5.9,-5.7,0.2,-1.0,1.0,1.9,2.2,-0.1,1.5,2.8,-2.1,1.0,3.4,11.7,4.5,4.0,6.1,3.2,1.6,4.8,3.9,3.1,1.1,3.4,3.9,-0.6,3.7,1.8,1.9,2.8,3.3,4.4,-0.6,1.6,-0.0,5.3,2.4,0.5,1.7,0.5,-3.5,1.2,-2.1,3.1,0.3,-3.8,0.1,-1.1,1.3,-0.6,1.1,-3.4,2.0,-1.5,4.3,2.8,1.5,0.4,0.9,0.4,-1.2,-4.0,0.4,3.4,11.4,0.4,-0.3,0.6,3.0,3.3,-0.9,0.9,-1.8,3.2,3.9,2.3,4.4,0.9,-0.3,-2.0,0.8,9.9,2.4,-3.5,4.2,3.1,4.8,4.5,2.7,3.6,4.9,4.4,2.6,-1.0,3.7,-0.5,-1.4,0.9,0.7,2.6,-2.5,2.9,-3.8,-2.1,0.8,-2.3,-1.1,-1.6,-3.7,-3.8,-3.0,-2.6,0.6,-0.9,-1.6,-1.8,0.3,-0.0,1.1,-0.3,3.3,-2.4,1.3,0.6,-3.3,-1.5,5.8,4.7,2.3,-1.4,-0.2,0.3,1.3,4.3,1.2,4.5,0.2,3.5,11.9,0.6,-0.8,6.0,1.1,2.8,4.8,3.1,3.4,5.4,1.1,4.8,3.7,1.5,3.8,0.7,-0.4,-1.9,0.5,2.0,0.0,2.2,5.5,1.8,3.0,1.4,-4.4,-4.1,0.5,-3.5,0.1,1.4,-0.7,0.3,-9.7,-1.4,-5.5,0.3,5.6,4.6,-2.1,6.6,2.5,4.9,2.8,-0.2,2.5,8.2,5.3,4.9,-3.2,0.0,-8.4,-2.6,-4.5,-7.4,-11.3,-1.3,122.8,51.102685,17.123926
3K5pH6FBtR,-3.9,1.1,3.1,2.0,3.2,-1.9,3.3,9.5,0.5,3.1,4.9,5.6,7.0,1.5,3.0,-0.7,-2.7,0.4,-0.4,-4.0,-2.2,6.3,8.1,-4.6,-5.3,0.1,-1.4,3.1,-1.8,2.3,-3.7,-3.0,5.8,5.8,-10.2,-0.0,0.9,-2.0,2.9,0.8,-7.2,5.2,0.3,3.1,0.8,1.1,1.4,-6.4,-6.5,-3.8,-0.0,-0.3,-1.1,3.6,-0.5,-13.8,-6.9,0.2,-6.4,0.9,4.1,-3.3,2.4,4.2,8.9,-3.0,1.3,-7.5,2.1,-0.4,-3.2,2.4,2.0,3.8,2.3,-1.7,-4.1,-2.2,-1.8,4.2,3.6,10.0,-5.1,1.9,1.6,-0.4,4.6,5.6,4.1,-11.1,2.4,3.0,3.4,3.8,11.1,2.7,8.1,7.4,8.7,-14.0,3.1,2.9,-2.5,1.4,0.7,-0.4,-1.7,-0.4,2.4,3.6,0.8,-1.1,-9.3,-14.3,-6.1,1.3,-1.3,-6.0,3.9,6.4,-3.4,5.5,-5.5,1.1,-3.3,-4.8,-3.2,-1.2,0.4,-0.7,-13.7,-2.1,-1.0,2.6,0.7,0.7,1.6,-0.9,3.9,-1.5,4.2,1.1,3.6,6.9,-0.8,0.9,5.0,2.4,4.8,7.6,3.7,2.0,2.6,-0.7,2.3,5.8,8.3,1.3,-7.6,0.7,6.7,1.8,4.5,0.3,4.5,-0.6,3.4,-1.5,-1.5,0.4,-5.0,4.3,-0.7,-6.3,12.1,0.4,-3.3,0.1,-8.4,-8.5,3.4,-2.3,-4.9,-5.9,-0.3,-6.7,3.2,-7.6,3.4,1.8,-4.6,-2.6,0.2,-0.2,-1.1,1.1,4.9,1.4,3.4,-1.3,2.0,0.4,-3.7,-5.0,1.4,8.3,2.5,2.0,3.4,0.6,-2.6,2.9,1.7,2.7,5.4,3.6,5.8,1.2,3.8,0.5,-0.5,0.8,-2.1,-2.8,-3.5,-1.4,-2.4,4.8,5.5,1.0,4.3,-6.1,-4.4,0.6,-7.5,14.7,0.7,-7.8,1.5,-1.3,-2.8,1.0,-1.9,-3.9,2.6,-8.6,4.0,0.7,-4.1,0.7,-2.6,1.1,-1.8,4.2,5.7,4.1,3.0,1.9,2.4,1.3,7.7,1.7,7.3,1.9,-4.6,1.8,4.3,0.9,5.8,-0.4,-0.6,-0.6,1.4,6.3,2.2,0.9,4.2,1.9,4.8,5.2,1.3,2.9,-0.2,-2.1,-1.3,2.6,4.9,-3.2,-3.5,-0.1,0.1,1.3,-3.7,3.3,-5.7,-0.4,3.7,-2.1,14.9,7.9,-4.5,-4.7,-0.7,-0.2,-5.4,-0.1,-5.6,3.7,3.3,2.5,-4.0,2.3,4.0,-5.2,0.6,-5.4,-0.8,-5.1,7.9,4.0,0.6,5.2,-2.2,0.2,-1.1,4.8,1.4,4.4,-0.8,6.1,5.7,1.7,3.3,-1.7,1.4,2.3,0.9,2.4,1.0,2.4,-0.3,3.1,1.4,0.6,4.6,-1.4,-3.8,0.6,4.0,4.2,2.0,0.4,5.0,1.4,0.6,7.2,-9.1,-7.2,0.8,2.1,-3.4,0.5,1.2,4.6,0.3,3.4,5.6,-1.2,-2.4,1.7,-8.2,3.0,3.5,0.7,1.2,0.1,1.5,3.1,1.7,-3.6,-1.9,-2.3,0.9,6.3,5.4,-12.5,3.7,1.1,122.8,51.10269,17.123976
3K5pH6FBtS,,,,,,,,,,,,,,,,,,,,,,,,,,,,,,,,,,,,,,,,,,,,,,,,,,,,,,,,,,,,,,,,,,,,,,,,,,,,,,,,,,,,,,,,,,,,,,,,,,,,,,,,,,,,,,,,,,,,,,,,5.6,5.6,5.9,-1.2,-6.5,-3.2,-7.2,-3.7,-6.3,-6.9,-0.6,-3.7,4.8,0.1,-2.4,-2.1,-0.1,0.0,4.0,2.1,4.3,-1.3,7.9,9.9,-0.3,1.3,2.0,-3.5,-1.0,-1.0,-0.5,7.6,5.2,9.2,1.5,9.8,5.2,-0.1,5.3,-2.2,9.9,-7.0,3.6,-4.8,1.2,3.3,4.0,-8.6,2.1,2.3,-5.8,-0.5,8.0,0.9,1.2,7.4,2.6,-5.9,1.0,-2.3,2.0,4.7,-3.7,-8.3,-0.9,-5.0,-3.9,-7.7,2.9,9.8,1.9,-0.8,-3.8,-6.9,3.1,0.7,3.5,-9.0,2.0,1.5,1.1,-3.1,6.0,0.2,-0.8,-11.0,-1.4,4.8,4.9,-0.2,-11.8,3.4,0.7,-0.7,2.8,-6.8,6.6,3.0,4.0,6.9,1.7,-5.7,11.3,-1.5,-7.8,6.6,-4.0,0.8,-8.6,3.8,2.1,3.4,-0.3,11.5,0.8,-1.1,8.6,8.3,-0.3,-14.4,-1.5,-2.4,-8.9,3.0,-5.4,-2.1,-1.4,11.1,1.7,-0.7,-12.3,-1.3,1.6,1.5,4.5,6.2,7.7,3.3,3.8,3.4,3.4,-6.1,8.8,2.6,7.5,1.1,2.5,0.8,2.1,-2.6,1.5,-5.7,4.0,-1.6,4.7,-1.1,2.8,5.9,2.9,2.4,7.8,5.0,-2.0,4.0,1.5,-9.6,-4.6,4.3,1.0,-0.1,-5.9,-0.5,1.9,5.2,-1.1,-1.6,-5.0,-1.1,-1.6,-5.4,5.8,4.6,2.0,0.1,0.9,-8.8,-4.4,1.3,-0.3,1.9,-0.1,1.5,2.4,3.3,0.8,-6.9,1.3,0.9,0.3,-1.1,3.7,0.2,-0.9,3.5,0.9,-0.4,1.3,-2.4,1.1,1.7,-8.4,5.2,6.6,1.4,-0.1,-6.1,-0.6,-2.1,-4.9,5.4,-0.1,-0.9,0.7,-0.6,-2.2,4.9,1.2,2.6,1.3,-0.9,2.6,2.4,1.4,2.2,6.7,-0.9,2.3,3.8,13.8,2.8,-1.6,3.6,0.9,-1.5,2.5,-2.8,3.5,5.2,-4.3,12.7,-0.3,8.0,9.5,1.8,-5.7,4.1,7.8,2.4,3.0,1.8,-2.8,-3.0,-10.4,-0.9,5.0,-0.3,1.6,-2.0,-1.7,129.8,51.102707,17.124137
3K5pH6FBtT,,,,,,,,,,,,,,,,,,,,,,,,,,,,,,,,,,,,,,,,,,,,,,,,,,,,,,,,,,,,,,,,,,,,,,,,,,,,,,,,,,,,,,,,,,,,,,,,,,,,,,,,,,,,,,,,,,,,,,,,1.4,1.4,4.7,0.2,1.8,7.7,-2.0,0.1,12.6,10.0,-3.7,-9.5,0.5,3.8,-1.6,3.4,1.7,2.9,3.1,1.1,0.2,11.6,3.6,4.7,0.2,4.5,3.9,-9.3,-2.5,3.2,-9.1,5.2,1.9,4.9,-0.3,8.2,3.3,-6.0,3.4,5.0,10.5,12.7,-0.2,1.9,-1.5,2.4,-0.8,4.8,1.2,-0.1,4.4,1.4,1.2,-1.8,-1.2,3.7,-1.6,6.9,0.9,2.6,1.5,1.1,-7.9,11.4,1.1,-2.0,-5.9,-11.3,-0.1,6.8,-1.7,0.3,0.2,1.5,4.0,-0.6,2.3,9.9,2.4,11.3,5.9,7.0,5.0,1.7,-0.9,3.2,-3.3,3.4,5.5,5.9,10.3,4.4,1.0,5.9,2.5,11.5,7.2,-2.3,5.8,3.7,0.4,14.1,11.9,1.1,9.5,1.5,16.0,0.6,12.3,6.5,-1.5,6.8,-4.1,3.7,4.8,0.6,3.4,4.3,-0.5,3.2,-0.5,0.3,-8.6,4.4,-6.6,12.5,-1.0,1.5,1.5,-0.1,3.4,0.0,0.3,-0.9,4.4,3.1,3.4,2.0,1.7,9.1,14.1,14.3,4.8,-2.7,5.6,-2.0,2.1,1.4,0.2,4.5,0.6,-7.1,4.1,3.3,2.0,3.6,0.4,5.1,4.3,3.0,1.9,-0.7,2.5,1.6,3.8,5.9,-4.1,1.5,-0.6,-1.6,2.9,3.4,1.9,3.1,2.3,2.3,-6.0,-1.6,-4.8,5.0,0.5,2.3,-1.6,-6.6,1.7,7.5,6.5,-0.3,0.9,5.1,-1.7,1.2,3.5,-0.5,2.9,5.9,3.3,-2.4,-0.5,0.2,1.1,0.9,-0.1,1.2,5.4,1.0,0.8,4.8,-4.6,0.8,4.0,2.2,2.9,3.8,4.4,5.2,-1.6,16.4,5.5,2.9,0.4,0.5,4.4,-2.9,11.6,3.0,-3.0,2.0,-0.1,-6.4,-1.2,-2.2,1.3,-0.9,3.0,-3.3,1.7,-0.2,-0.4,1.1,-5.3,-2.2,0.6,-3.8,2.1,1.6,1.0,4.7,-5.0,2.1,5.3,9.4,7.4,0.8,-0.8,12.7,14.4,2.4,4.1,2.4,-1.1,-6.8,7.1,-5.2,4.9,0.5,6.6,-0.1,-1.3,127.7,51.102709,17.124153
3K5pH6FBtW,-1.2,1.1,9.9,-2.6,-9.0,0.7,-2.4,5.3,3.2,0.3,1.6,-11.4,1.4,0.5,1.0,-1.6,3.4,-4.8,0.3,1.3,-0.0,0.0,1.9,-0.4,-9.2,-2.8,0.0,2.3,-4.0,1.1,-4.1,-7.7,-2.1,1.0,3.6,-12.0,-1.5,-1.3,3.1,4.3,1.3,-0.8,-2.4,5.7,2.7,-1.6,-4.5,-2.1,-0.2,5.8,3.5,0.5,-2.6,-3.9,-1.0,-0.8,-4.2,1.4,-3.2,-4.1,-4.2,-0.0,5.7,-2.8,-3.5,-4.5,-12.4,0.3,-11.4,-5.2,-0.2,0.0,-0.8,0.6,0.9,-2.1,-1.3,-0.5,-3.6,3.3,-7.6,1.9,-2.5,1.4,-3.2,-0.3,1.2,0.4,-0.8,-11.5,-2.7,-7.1,-0.6,-7.1,6.4,9.3,-2.3,-0.4,2.4,-0.2,-2.2,-3.1,-1.8,5.4,-2.0,5.7,-15.9,-2.0,-3.6,-1.2,-5.6,1.1,-2.9,-2.4,-6.2,-6.6,-3.5,-1.0,-2.5,-5.1,-3.2,-1.0,-4.0,-6.8,-3.1,-3.0,-8.9,-15.4,-3.7,0.0,-1.2,-0.7,1.5,-0.1,0.1,0.3,2.9,7.1,-6.6,4.2,2.6,0.6,-10.8,-3.0,0.2,0.5,-2.2,-5.4,7.9,-2.3,0.7,7.0,-4.8,3.6,-5.9,4.0,2.8,-3.6,-10.5,-2.8,8.2,5.5,0.4,0.3,5.5,4.7,6.6,-3.5,3.2,-0.6,1.3,-1.2,-1.9,-4.9,3.5,-10.6,-8.0,-0.6,-2.0,-0.8,-1.6,1.9,-5.4,-4.2,-2.7,0.3,1.5,-0.8,-2.9,0.3,3.2,-5.5,1.0,1.5,0.0,0.3,-0.7,-1.6,-3.3,0.2,1.5,-1.5,-0.8,-1.5,-2.4,6.9,-4.8,-7.1,0.9,-0.7,-3.1,2.2,-0.6,-8.7,-5.3,-11.0,5.3,-7.7,1.8,5.2,2.5,0.2,-0.4,2.6,0.1,-0.8,-4.4,1.1,5.8,4.0,-7.3,0.3,-3.8,2.0,-0.4,-3.8,0.8,-6.1,-1.2,-1.5,3.8,-2.7,-2.6,-3.3,0.6,-0.7,1.9,-0.3,-3.2,-2.8,-0.5,2.5,4.4,1.5,-5.2,5.0,3.9,1.1,5.0,6.6,-3.2,-7.7,2.7,5.5,-5.5,0.5,0.2,-1.5,-2.7,0.2,-5.9,3.2,-0.0,8.9,1.0,-0.2,5.5,-3.7,2.5,1.1,-2.8,1.0,1.8,3.3,-3.3,2.2,1.9,2.2,-2.0,-5.4,-1.5,4.6,-3.0,1.5,-2.4,-5.4,-4.4,-1.0,0.2,-1.1,-4.9,-0.1,-4.8,-0.8,-2.8,-0.6,-2.2,-6.1,-1.1,-4.7,-1.7,-2.2,1.3,-1.9,1.3,-2.9,1.4,-5.3,3.1,4.5,-2.8,-0.6,-0.1,0.4,-2.7,-1.5,1.1,0.9,-2.1,2.0,0.5,-4.3,-0.5,0.5,0.2,-3.6,15.8,4.1,4.4,-0.5,3.6,3.0,3.7,2.3,7.3,0.7,0.7,10.0,0.3,4.0,-0.9,-1.6,-1.5,-2.7,-0.7,-1.9,-1.2,1.8,1.8,3.1,2.3,2.1,0.0,-0.4,2.0,1.2,1.1,0.8,4.4,5.7,-3.5,3.0,-4.6,0.9,1.9,1.5,-3.0,-2.0,4.2,3.3,-1.5,3.2,13.4,1.1,0.9,0.0,0.4,1.4,122.7,51.102715,17.124218
3K5pH6FSwP,-4.3,-1.4,-1.9,4.2,-0.7,5.1,-1.6,5.0,3.5,-0.2,5.6,5.6,7.4,1.5,-0.3,1.3,-4.5,-2.5,0.9,1.6,1.7,2.5,-3.2,-1.3,-0.2,-12.6,-6.7,-2.4,6.5,10.5,-0.7,-3.9,2.9,6.2,4.5,-15.4,3.3,6.7,7.0,-0.2,5.6,0.0,6.3,0.6,1.8,-6.5,5.2,-4.8,5.8,1.5,3.3,0.8,-6.3,-4.1,0.7,1.6,-1.9,3.0,1.0,0.5,-2.6,-1.5,3.0,-2.1,6.9,-1.1,-1.5,-4.4,-3.8,0.0,-0.7,2.3,0.2,-1.1,-4.1,5.6,-9.0,-1.2,-11.3,9.7,-0.5,0.4,2.3,4.9,2.7,-0.1,5.9,2.5,1.2,-12.5,1.2,1.5,6.0,3.6,0.5,0.2,1.3,3.8,4.7,2.7,5.5,-5.4,-2.8,2.3,3.1,4.0,4.1,2.0,-7.8,10.6,-1.3,-1.2,3.4,2.0,4.1,-3.6,-0.8,-0.1,4.9,-0.6,-0.3,3.5,-1.9,-2.1,4.5,-1.3,-1.3,-2.9,-1.0,0.2,7.0,-2.5,-0.9,2.0,-2.7,3.9,-0.5,11.4,1.0,1.7,4.2,-0.7,3.8,3.4,-3.3,-2.5,4.3,-4.0,9.2,0.3,-13.2,0.0,3.0,2.8,1.1,6.5,6.3,-2.1,3.8,0.2,4.3,3.3,0.8,-0.8,1.7,-0.8,-0.9,-0.7,0.1,3.0,1.4,1.7,2.7,1.2,4.5,3.9,-1.2,-4.0,-0.1,-0.4,6.3,-1.0,-1.0,-2.6,-5.0,-2.8,1.0,-3.5,-3.6,-0.8,-4.8,8.9,-2.5,0.0,-1.2,1.9,-3.1,6.4,-5.3,-1.6,-3.9,5.1,-0.0,3.3,0.3,9.7,3.7,0.8,4.2,2.2,-1.9,1.2,0.8,0.7,1.9,1.7,2.8,1.7,2.8,-1.5,13.3,5.3,1.0,1.3,-3.1,1.3,-0.2,-0.7,0.4,-3.0,1.1,6.1,-3.6,5.0,-4.8,2.2,-3.5,-3.9,-6.0,-2.3,0.8,-4.1,-5.3,-10.0,-3.9,13.0,-6.5,1.1,-2.4,2.5,1.2,-2.9,-1.2,-5.8,-1.0,1.3,4.3,1.6,2.6,-3.6,-4.1,-1.9,1.9,-0.7,-7.7,0.2,1.6,-5.4,-3.9,6.9,-1.4,3.5,1.0,5.2,-3.4,-1.4,7.2,5.1,7.4,-0.8,0.8,-3.9,-0.2,-1.2,4.6,-3.3,1.9,-0.5,6.2,0.4,-7.8,-2.9,-0.9,1.1,-6.4,-9.7,8.6,-6.9,-3.0,-6.5,-6.0,-7.6,-1.1,16.1,13.4,-1.0,-1.4,5.6,-7.6,-3.6,2.8,-3.3,-0.1,-3.4,1.1,-0.2,-2.5,3.8,-2.0,-3.8,-3.3,-4.5,-0.3,-3.8,-5.2,-0.4,2.7,2.0,-2.0,3.2,-1.3,4.1,0.1,4.7,0.9,-7.0,14.4,-5.7,4.4,-1.1,0.4,-4.6,1.3,-5.6,-9.6,-5.1,-4.0,6.5,-1.7,-0.7,-1.7,-3.6,-5.0,-5.4,-3.7,-2.7,1.9,2.1,-6.2,-2.1,-0.8,-9.3,-2.1,-6.1,-2.1,-13.2,0.2,-0.2,8.2,0.5,0.6,-0.6,-0.6,3.3,-0.4,-5.9,1.9,0.0,2.3,-5.9,3.0,5.6,-6.6,-1.8,-6.7,-5.4,-3.1,-4.7,122.8,51.102793,17.123747
3K5pH6FSwQ,,,,,,,,,,,,,,,,,,,,,,,,,,,,,,,,,,,,,,,,,,,,,,,,,,,,,,,,,,,,,,,,,,,,,,,,,,,,,,,,,,,,,,,,,,,,,,,,,,,,,,,,,,,,,,,,,,,,,,,,-1.5,-1.5,1.4,4.0,-4.2,2.1,-3.9,-0.9,4.2,-5.4,-2.0,0.2,-4.5,-1.1,2.0,5.5,-0.4,8.8,3.7,4.1,7.4,0.9,-5.2,0.8,0.6,3.2,2.0,1.0,0.8,0.4,-1.8,1.8,0.8,-0.0,4.4,-0.7,1.0,1.4,-13.1,0.4,0.9,-1.2,2.0,-0.0,2.1,2.8,0.7,-4.4,2.0,-0.1,0.9,-1.2,4.7,1.4,2.3,-0.9,-4.3,0.2,0.0,-4.3,1.7,0.2,8.4,13.0,2.5,-0.9,-4.3,1.1,1.0,0.9,10.9,-4.1,-1.3,-6.8,-0.9,3.8,-2.2,10.6,-7.0,-5.0,-5.3,-2.5,0.1,2.8,-5.5,-7.1,1.2,6.0,-0.4,3.9,1.6,4.3,2.5,4.1,0.5,4.8,-7.9,14.2,3.2,-0.6,-3.6,-3.3,-4.5,6.3,-4.1,-0.4,-1.3,0.8,-2.2,2.1,-1.0,-6.1,7.9,6.9,-1.2,3.1,-5.0,-0.5,-5.3,-6.0,-8.0,1.1,-0.7,-0.9,-0.8,-1.9,2.5,-5.2,-4.2,-1.9,-1.4,-0.3,6.0,-4.0,-2.9,0.9,0.7,-1.7,4.7,-0.7,9.4,3.2,0.3,2.0,6.6,1.2,3.0,-0.4,2.5,-3.3,-0.0,-9.7,7.9,13.1,-2.5,0.2,0.1,1.1,-9.0,2.3,-0.3,2.9,-0.2,0.4,1.9,-2.4,2.7,-1.3,4.2,1.1,10.4,-2.3,-7.0,1.2,-0.1,-0.1,-2.1,-4.3,-3.2,4.2,0.9,11.2,4.3,3.3,11.5,-3.1,1.6,4.5,-0.6,12.7,-1.8,-0.3,-0.2,0.7,-11.0,-0.6,4.1,-5.2,5.7,10.7,-0.3,-2.8,1.9,5.1,-3.0,0.6,-0.2,-0.8,2.5,1.3,4.2,3.3,-0.6,-9.6,3.7,6.7,-3.7,-0.2,-2.5,-4.0,6.4,-0.7,-8.3,3.9,2.6,-7.0,-2.5,-2.6,-2.0,3.6,0.4,-0.9,3.7,0.5,-1.0,-4.7,-1.1,2.5,-2.4,-2.9,9.7,3.4,-4.2,0.0,-3.5,4.7,8.7,7.2,-2.0,0.5,-0.9,0.1,3.4,2.0,0.9,3.1,-0.1,0.6,1.2,0.6,-3.4,-10.0,-1.6,2.9,4.3,8.1,4.2,8.9,-2.5,126.5,51.102805,17.123859
3K5pH6FSwR,-0.6,4.3,10.2,6.1,5.5,-3.2,1.4,-10.9,1.5,-11.1,10.1,-3.9,1.4,-1.3,1.3,-6.7,-0.7,-0.0,-0.7,6.4,-4.4,-2.1,-2.2,-5.1,0.3,-4.7,-5.1,1.5,-2.9,-3.1,-14.5,0.5,4.5,5.4,2.9,7.3,1.0,4.6,2.7,5.2,3.1,-0.9,-0.4,9.7,-14.9,-1.2,-3.9,1.3,-2.4,-1.7,3.4,1.1,-3.6,-2.9,4.1,-1.0,0.9,-1.0,-8.5,-10.2,-2.9,-2.5,3.6,3.1,-6.1,-2.4,-0.5,2.4,0.4,-7.4,0.7,1.9,5.2,1.7,3.2,-15.7,-0.2,0.8,-2.0,2.6,-5.6,3.6,-0.8,8.7,-2.6,-1.4,-8.8,0.2,-3.1,-15.2,0.7,11.3,-4.9,8.0,2.8,4.7,3.6,0.2,3.4,0.9,-0.6,-5.7,-0.5,1.3,-2.5,2.8,0.6,-11.7,-3.9,-0.1,1.1,-1.4,-0.6,-0.1,-0.7,1.0,0.2,-2.3,-4.9,-1.9,-3.4,-2.5,-1.5,-2.5,-1.7,-0.8,-0.8,-2.0,-0.2,-2.7,-2.4,0.1,-3.0,-1.5,1.6,-10.0,3.8,3.2,-14.3,-1.7,1.5,1.9,0.9,8.9,-2.9,-1.8,4.7,5.6,2.0,-2.9,2.8,2.8,4.0,2.6,0.6,0.9,-2.4,-0.0,1.6,1.3,4.6,2.6,-1.0,5.0,-0.4,-1.1,2.4,2.7,4.6,2.0,1.5,4.4,0.7,-1.2,-1.4,-1.1,0.5,-0.2,-1.3,1.0,-3.6,-4.1,-4.2,-3.3,-2.9,4.4,-1.7,2.2,-10.5,-2.0,-2.5,-2.5,3.9,12.0,-2.0,-6.8,-3.4,-0.7,-2.4,-1.9,0.7,1.4,-2.9,-2.5,4.7,13.6,1.0,4.8,2.5,4.4,2.6,3.7,1.0,10.5,-4.2,-2.4,-0.1,-1.3,-1.3,0.9,-0.5,5.5,1.2,2.5,-1.8,2.6,-3.8,2.8,-2.1,-1.1,-3.9,-1.2,-3.5,3.5,-3.9,1.6,-1.8,-5.1,-3.6,-1.9,-0.5,-1.7,-1.6,0.3,6.7,-1.1,0.9,0.4,-0.1,-1.4,-2.9,-2.5,-0.7,-8.9,-2.6,1.4,9.0,-2.9,-5.9,4.7,-1.4,6.6,12.6,2.1,-0.4,0.4,2.8,-2.1,4.2,-3.6,1.7,-6.9,-2.7,7.7,1.8,7.3,-0.8,-2.1,3.1,3.0,0.5,0.3,1.5,2.8,0.1,2.7,-1.5,-0.5,-4.6,-2.5,-2.0,0.5,-4.5,2.0,-2.9,-4.3,-1.9,-9.3,-2.0,-8.8,-1.9,-8.5,-7.3,-1.8,-2.8,-2.6,0.6,-4.0,-1.1,1.2,0.2,-1.4,-3.3,-8.0,1.7,-3.6,-9.1,-7.5,6.9,-3.6,1.1,15.9,-2.3,2.1,1.8,1.3,-0.4,2.9,-0.9,0.1,6.8,-5.5,8.6,3.0,-1.2,3.9,2.5,1.7,2.0,0.9,-1.6,-1.1,2.2,-2.1,0.5,-2.2,-0.9,-1.0,-0.4,-1.2,6.8,1.8,2.8,-0.7,1.7,1.1,-2.7,-2.4,-1.2,-7.2,0.4,1.4,-1.0,-0.9,-13.7,-7.2,-7.4,-0.6,4.0,2.8,-2.1,-3.5,-0.5,3.4,5.7,4.8,6.2,2.3,3.7,1.3,-5.8,1.4,11.3,-4.3,-6.0,-8.3,-9.0,-4.0,122.6,51.102803,17.123843
3K5pH6FSwT,-4.8,-0.8,-4.0,1.8,3.2,6.6,-1.4,9.3,0.1,2.8,5.6,5.8,11.0,0.6,6.1,1.8,-4.1,0.5,-0.5,-1.6,-3.8,1.4,7.3,-3.9,-6.5,-1.1,-2.1,2.6,-7.5,-1.4,-4.0,-4.5,5.3,2.4,-4.4,4.2,-2.5,-4.8,2.2,2.2,-4.7,5.8,2.0,-2.2,-0.7,0.7,3.0,6.2,-5.6,-4.5,0.6,1.3,-0.2,-0.8,5.0,0.3,-1.3,2.9,-4.1,2.3,-7.0,-6.0,4.6,5.9,-12.6,-4.0,-11.5,-4.6,2.0,-2.1,1.7,5.7,-1.7,8.7,-1.5,-5.6,-2.4,-2.7,-1.4,-0.6,3.1,5.4,-2.5,0.3,-1.4,-1.1,5.0,4.2,-1.5,-11.1,-2.0,2.9,0.0,3.5,3.8,-3.8,1.5,5.1,2.0,-14.9,1.2,1.1,-5.7,-0.0,-3.5,-3.4,4.0,-1.0,1.7,9.7,-2.8,0.2,-0.7,-4.5,-2.6,-3.1,-0.9,-6.5,-2.5,-1.6,-1.2,0.8,-3.7,1.5,-0.3,-6.3,-0.9,-2.2,-0.6,-0.3,-5.6,4.5,3.0,-0.7,0.7,-1.3,1.4,-0.2,1.4,-0.1,2.5,0.6,2.6,7.0,-3.3,-2.3,4.9,1.2,5.5,0.6,3.3,3.6,3.4,2.8,2.1,5.7,9.3,1.7,0.3,-3.4,5.4,1.6,3.6,-2.0,2.9,-3.1,3.3,-2.2,-1.3,-1.8,-9.6,0.1,-0.4,-7.1,10.5,-1.9,-2.9,0.0,-5.1,-7.8,3.5,-6.7,-1.9,-8.1,-2.0,-5.5,0.1,-3.9,0.8,-0.2,-4.3,-3.1,-3.3,0.0,1.7,1.8,0.1,-0.2,-2.0,-2.5,-0.4,1.9,-5.6,-6.5,0.9,10.4,2.6,1.1,5.0,0.8,-3.7,1.5,0.6,3.2,5.5,3.5,6.2,-0.8,-1.2,-1.4,1.1,0.7,-3.5,-4.3,-5.0,-1.1,-1.9,2.3,-9.2,-0.5,3.9,-6.5,-7.7,0.7,-7.4,-2.6,2.4,-7.5,0.8,-3.6,-1.8,2.9,-1.4,-0.8,0.5,-6.9,2.2,-8.7,-5.2,-1.4,-1.5,0.1,1.2,5.5,4.3,2.2,2.1,1.7,1.0,-0.5,3.1,2.4,13.9,-0.1,-11.9,0.1,4.0,-2.0,5.3,0.3,-0.9,-3.7,-2.9,7.8,-0.3,-0.1,1.6,2.9,2.7,-2.7,-0.2,-1.5,-0.8,-0.4,-1.4,3.9,3.7,-0.6,-5.2,14.1,10.7,-1.9,-7.8,2.4,-4.4,-2.6,-3.7,-2.8,3.1,3.8,-5.7,-3.0,-1.2,1.4,-5.4,-2.0,-6.9,7.3,3.2,-0.1,-1.7,-0.4,3.8,-1.5,-1.1,-0.9,-3.3,16.5,13.0,5.7,-6.1,0.2,0.0,-1.0,-1.3,2.1,3.9,2.4,-3.9,4.6,1.4,0.2,4.7,0.9,1.6,-0.3,-0.5,-1.5,1.5,-0.1,0.6,0.8,-0.4,-1.1,1.0,-2.2,-0.6,-0.6,3.4,4.5,2.7,-3.0,-7.9,-3.0,2.2,3.5,-6.7,-4.4,-1.3,2.9,-8.0,1.2,1.0,7.3,-0.5,5.3,4.2,-2.0,0.9,0.5,-9.0,6.6,1.8,-4.2,4.2,2.5,0.7,3.8,2.9,-4.3,-0.1,1.9,1.0,-2.3,1.7,-7.0,1.3,2.5,122.9,51.102813,17.123944
3K5pH6FSwU,-8.9,3.0,5.0,0.2,12.8,3.0,-3.5,3.5,-1.5,-0.4,3.1,-1.7,4.8,-3.4,2.4,-1.3,-12.5,-3.9,-0.0,-0.7,-4.9,-0.1,2.2,-2.6,-7.4,-3.9,-3.0,-0.5,-0.4,-1.5,-12.9,-5.7,1.5,-0.4,4.1,-2.1,-6.2,5.4,-1.1,-4.0,-14.8,5.3,-0.3,-6.5,0.1,-1.4,0.0,0.8,-0.1,-1.7,-2.0,-2.0,-0.9,-3.5,2.3,0.4,-5.3,-2.4,-1.4,-1.6,-7.4,-3.3,0.8,2.7,0.2,-4.8,-1.5,-5.4,3.6,-4.3,-2.2,2.1,-8.6,0.7,-4.7,0.5,-3.2,-3.7,-1.2,0.8,1.1,1.4,-5.4,-2.1,-3.2,-3.9,-0.2,0.8,2.0,-16.7,-1.8,1.3,-1.2,-2.8,2.4,-2.3,1.5,0.8,-0.9,5.5,-6.6,-1.2,-3.4,-1.4,-3.8,-2.9,1.0,-2.4,-0.7,2.2,-3.3,0.6,-1.3,-1.8,-4.4,-4.6,-2.9,-10.8,-5.6,-0.4,-1.7,-3.8,-6.2,-3.9,-2.8,-8.3,-4.5,-4.5,-1.6,-3.8,-1.7,-1.4,0.1,-4.0,-3.0,-4.5,-0.1,-2.2,-2.8,-3.6,3.5,-1.6,-1.3,-0.4,-4.1,-4.7,-1.3,-1.2,0.7,-0.9,2.5,6.4,-1.1,2.0,3.8,-0.5,5.7,-4.2,-3.0,-5.8,2.3,-1.4,0.3,1.5,0.8,-4.6,-0.9,-1.0,-2.1,-5.0,5.4,-0.6,1.3,5.8,0.1,-10.1,-2.8,-1.9,-5.0,0.6,0.2,-9.5,-4.2,-2.7,-3.6,-7.8,-1.8,-3.2,-2.2,-4.8,-3.8,-6.1,2.4,-3.4,-2.0,-4.0,-1.3,-3.0,-5.4,-1.3,-2.3,-3.1,-5.4,-4.8,-1.3,7.1,3.3,-2.8,4.9,1.4,-4.8,-1.0,-1.2,-1.0,0.8,-0.7,0.7,0.9,-3.5,-6.4,-1.4,-2.8,-6.9,-3.4,-4.8,-2.1,-8.5,-1.1,1.1,0.6,-1.8,8.9,-9.1,1.1,2.9,-8.4,-1.4,-11.1,0.1,1.0,-6.0,0.1,-4.1,-2.3,-2.4,-5.0,-1.5,-1.6,-6.6,-2.6,-2.8,-3.5,1.3,0.4,4.1,-2.0,0.7,-0.5,-1.9,-4.8,0.6,-1.7,3.9,-2.9,-5.8,-1.0,2.0,-3.6,1.2,-4.1,-4.5,-4.9,-0.8,4.4,-1.6,-1.8,-2.2,-1.3,1.9,-3.7,-2.7,-5.1,-2.8,-0.5,-4.3,1.4,0.2,-2.1,-4.7,-4.3,-1.5,-4.9,-11.2,-0.3,-5.3,-3.7,-3.0,-5.1,0.5,0.7,-7.0,-3.0,-1.9,-4.2,13.6,-3.7,-3.6,-5.6,-2.7,-4.4,-2.9,-2.2,-0.7,-5.9,-3.4,-2.8,-2.3,-2.0,5.0,2.1,-7.4,-4.3,-1.9,-4.3,-4.4,-1.8,-0.5,-0.8,-8.0,0.9,0.7,-5.5,-0.8,-3.7,-0.0,-1.4,-4.3,-0.8,-1.7,-3.6,-3.4,-1.3,-4.1,-1.9,-2.1,-3.3,1.5,-2.4,-1.2,-0.8,0.1,0.4,4.8,-3.6,-2.3,0.1,-2.1,0.9,6.2,-1.1,3.8,-0.2,-1.2,4.2,-0.2,3.4,3.6,-1.8,4.9,0.1,10.6,15.2,1.0,-6.4,3.1,8.9,0.8,-0.2,2.5,-0.8,-2.2,-0.4,0.1,2.2,0.3,-0.7,-0.6,0.5,122.8,51.102818,17.123991
3K5pH6FSwW,-3.6,3.6,-4.8,0.4,-2.4,0.3,-2.7,2.3,1.3,-0.7,2.2,0.9,3.3,1.7,0.1,-2.0,-1.1,-1.9,0.6,0.5,-0.5,1.7,-0.5,-1.0,-2.2,-1.7,-3.4,-1.9,-1.0,0.3,-4.9,-4.6,1.9,0.7,2.2,0.3,-2.2,0.1,0.2,3.3,1.1,-0.8,2.1,2.3,-0.4,-0.3,-2.5,0.7,0.4,-0.0,1.2,0.3,-1.6,-2.6,0.3,0.4,-0.5,1.8,-1.0,-1.2,-0.8,1.9,0.9,-0.2,-0.7,-2.5,-0.6,1.0,0.7,-0.3,0.2,-0.8,-1.4,-1.9,-0.7,-1.3,-2.0,-3.8,-2.1,0.8,0.5,0.6,-1.0,-0.4,-2.3,-1.5,1.7,-0.7,-1.6,-14.5,0.1,-1.3,-1.5,-4.5,1.1,3.4,-2.0,-1.3,2.6,4.2,1.5,-0.2,-1.1,-0.5,1.8,0.6,-0.3,-0.3,-1.0,-0.1,-1.3,-1.0,-0.6,-0.5,0.7,-2.5,2.9,-1.0,-0.1,-2.4,-1.8,-1.5,-3.2,-1.0,-1.1,-2.8,-0.7,-0.3,-3.5,-2.4,-4.1,-1.5,-0.0,-2.3,-1.4,-1.4,-1.6,-2.9,-1.4,1.6,1.7,-1.3,-1.9,-2.6,-1.9,-5.4,0.0,-1.4,1.2,-1.6,-0.3,0.3,-1.4,3.1,-0.8,2.0,0.8,-2.4,4.5,1.2,0.3,-2.5,0.3,0.1,-3.5,-0.1,-2.0,-0.9,0.9,-0.8,2.7,2.2,1.1,-0.3,-1.5,-0.0,-2.4,1.5,-2.3,-1.0,1.5,2.0,-2.6,-4.2,-2.4,-2.1,-2.0,-2.0,-3.7,-1.6,-3.4,-2.4,0.8,-0.2,-0.6,1.7,-1.1,0.7,-0.5,0.6,-0.8,-3.0,-2.8,-1.5,-3.7,3.2,0.1,-0.3,-0.1,-0.2,-0.7,0.9,0.4,-2.6,-0.6,-2.5,-0.1,-2.5,-2.1,-1.0,1.3,-0.4,4.1,-0.1,-0.9,-0.8,0.0,3.0,-3.6,4.4,-2.3,0.1,-2.9,2.6,-0.6,2.2,-1.0,-3.3,-2.4,-0.8,-5.8,-1.1,-3.5,0.7,-1.6,-1.6,0.7,-0.2,-1.0,-1.1,-1.7,-3.6,-0.5,-2.5,-1.9,-1.5,-0.0,2.0,-5.2,4.9,-0.1,-4.7,-0.2,-2.5,-6.0,-0.7,-0.5,-2.5,0.9,-3.3,-7.3,-4.0,-3.6,5.6,-2.5,-3.1,-1.6,-2.7,1.1,-3.6,-1.5,-0.1,-2.8,1.1,-0.6,-1.1,-0.9,-1.6,-2.7,-2.7,-1.0,-0.9,-2.3,0.4,-2.6,-2.5,-3.4,-1.8,-1.0,-2.9,-2.5,-4.1,-1.4,-2.4,-10.0,-2.7,-3.0,-2.2,-1.9,-2.1,-1.3,-3.6,-0.1,-3.4,-2.0,-4.6,-1.1,-4.3,-0.2,0.5,-4.0,-6.3,-1.0,-2.8,-0.4,1.6,-2.4,-0.4,-2.1,-0.6,0.0,-3.3,-1.9,-1.0,-1.6,1.5,0.9,-1.0,-0.2,-1.1,-1.0,-0.6,-0.4,-0.1,0.7,-3.6,-0.8,-0.2,-3.5,0.3,1.3,-2.2,-0.1,-0.4,-1.8,-2.6,-3.1,-1.1,0.1,-0.6,-1.6,-0.8,-1.6,-1.4,-0.8,-0.2,0.8,0.5,0.1,1.0,1.3,1.5,-2.7,-3.3,4.7,-0.7,-0.9,0.6,1.5,-0.5,-0.5,0.1,-3.5,2.7,0.0,2.3,-0.9,-0.1,122.7,51.102828,17.124088
3K5pH6FSwY,-2.6,1.3,10.2,-2.5,-7.3,-0.1,-2.5,1.8,0.7,-0.6,0.1,-11.5,-0.2,-1.8,-1.2,-2.8,0.9,-5.3,-0.7,-0.9,1.1,-1.3,0.6,-2.4,-4.6,0.3,-4.2,-0.4,-5.0,1.7,-6.6,-8.6,-2.5,-1.5,1.2,-9.9,-4.4,-4.2,-1.4,3.1,0.0,0.6,-2.7,6.9,0.5,-2.4,-6.1,-1.7,-1.3,1.8,1.0,0.2,-3.9,-4.7,-1.1,-1.5,-2.0,0.3,-3.1,-4.8,-5.6,-0.1,3.0,-3.8,-4.1,-4.4,-1.3,-1.3,-13.6,-2.8,-1.3,0.5,-1.8,-1.1,-2.6,-1.8,-3.8,-2.9,-4.3,0.0,-7.4,1.0,-3.1,-0.1,-3.6,-3.7,0.3,1.1,-3.1,-15.6,-1.4,-7.0,-8.7,-8.8,1.8,5.7,-4.4,-1.9,-0.6,0.4,-4.4,-1.7,-3.4,1.3,-1.5,0.0,0.3,-5.4,-4.8,-2.2,-3.5,-1.1,-3.7,-2.9,-6.3,-4.9,-2.0,-2.8,-1.4,-3.7,-1.6,-2.3,-5.3,-4.8,-2.0,-5.6,-6.6,-0.1,-3.8,-1.3,-1.7,-4.1,-1.3,-0.0,-3.1,-3.3,-2.6,1.9,-6.6,-0.3,0.4,-2.5,-10.8,-4.7,-1.5,-2.9,-2.2,-3.1,4.9,-2.8,-0.1,7.4,-5.4,-0.1,-7.2,-0.1,0.4,-5.3,9.2,-4.0,0.7,0.3,-1.5,-0.7,2.4,2.2,-0.6,-3.0,-0.6,-4.8,1.3,-2.7,-2.5,-8.7,-1.1,-11.7,1.9,-0.9,-1.5,-1.3,-0.5,0.1,-4.8,-5.9,-2.6,-0.7,-2.6,-0.9,-2.0,-1.0,-2.6,-4.9,-1.5,0.1,-2.5,1.5,-2.4,0.9,-2.2,-0.1,0.4,-3.9,-1.0,-2.3,-2.9,6.3,-8.8,-6.0,0.5,-2.2,-2.9,0.9,7.2,-8.9,-6.1,-7.7,1.5,-5.9,0.3,2.9,-0.0,-1.8,4.5,-1.3,4.5,-2.5,-4.2,0.4,3.3,3.0,-8.3,0.1,-7.2,1.6,-1.5,-1.4,-1.9,-5.0,-3.1,-1.3,4.7,-1.1,-4.0,-5.0,1.4,1.4,0.9,-0.1,-1.6,-4.5,-1.4,-2.0,3.3,-0.8,-5.3,2.9,1.5,-1.5,6.3,3.8,-4.4,-9.1,0.7,-1.8,-7.0,0.5,-1.6,-3.4,-0.4,-5.1,-8.5,1.8,-4.5,8.0,-1.2,-5.3,-0.3,-4.2,-2.8,-0.9,-3.6,-0.6,-4.8,1.8,-3.0,0.7,1.7,-1.4,-2.1,-4.4,-1.3,2.5,-3.3,1.3,-1.5,-4.9,-3.3,-2.8,0.3,-4.1,-2.4,-1.9,-7.4,-1.6,4.2,-2.4,-4.2,-5.1,-1.0,-4.2,-1.3,-5.1,-0.7,-1.5,1.1,-3.2,-1.9,-3.7,-1.1,0.8,-4.1,-4.0,0.9,-2.0,-3.6,-1.2,-1.1,-1.1,-3.4,1.3,-1.3,-6.6,-3.0,-1.0,-1.4,-0.7,1.1,-0.8,-0.6,-2.7,-0.9,2.0,-0.6,0.9,5.8,-1.3,-0.3,7.1,0.8,3.1,-1.0,-1.6,-1.0,-1.5,-3.4,-2.0,-1.9,1.1,3.0,0.2,2.0,0.2,-0.2,-0.1,1.1,1.1,2.7,-0.4,2.6,2.4,1.0,-1.3,-1.5,1.1,-0.7,-0.4,-4.6,-0.7,2.7,1.5,-0.6,2.0,-5.4,3.0,0.4,1.7,1.3,1.7,122.7,51.102838,17.124186
3K5pH6FSwZ,4.5,0.9,5.2,10.4,3.1,2.1,-4.8,1.1,1.6,-0.8,-5.1,0.6,6.7,-0.1,-0.8,-11.4,-0.2,10.3,-7.3,-6.1,-4.3,-5.6,-6.4,2.1,2.1,1.2,1.7,2.1,3.4,5.2,-5.7,-1.2,6.4,10.1,-1.6,8.2,10.1,3.2,-0.7,-0.8,7.1,0.5,9.3,3.7,5.2,2.0,1.1,2.9,4.6,3.3,3.0,0.9,2.8,3.7,3.3,4.4,1.1,3.4,8.0,6.9,1.7,-4.8,2.9,3.5,-0.5,6.5,0.1,3.9,2.2,2.7,1.7,0.5,0.4,-1.5,3.9,0.8,1.3,1.8,4.9,5.1,2.3,0.0,-1.0,0.1,6.0,1.2,1.7,-1.1,-2.8,10.6,-0.9,-6.0,3.5,5.9,-2.9,2.7,13.5,13.3,-10.5,10.8,1.5,1.2,-0.1,1.9,4.4,2.1,1.6,2.0,6.0,10.7,7.6,4.5,6.6,6.5,5.3,3.5,7.3,6.9,2.7,3.5,1.2,4.9,3.3,7.0,4.0,2.4,5.4,0.3,-12.6,-5.7,-3.4,10.2,2.7,-2.1,3.4,-1.8,-1.1,-0.3,6.2,-0.6,3.3,4.8,6.0,-4.7,-5.6,14.1,1.7,3.3,2.9,-0.4,-4.6,1.5,1.1,4.4,-7.7,-0.3,-6.7,11.4,0.1,1.8,5.4,1.8,-5.8,2.1,0.2,-0.5,8.8,1.2,2.0,2.4,-3.7,11.4,-0.5,-0.1,0.7,2.5,-0.8,-12.9,-5.8,1.7,5.6,5.5,2.9,9.3,0.2,-6.1,-1.0,-1.4,-3.3,-4.2,-1.9,8.6,-7.3,-3.7,-2.8,1.3,-11.3,5.2,-3.9,0.4,-1.6,-1.3,-3.9,-0.9,-0.4,3.1,8.6,2.9,-1.6,14.1,-2.4,0.3,1.0,8.0,1.1,3.8,-4.4,-4.1,1.5,0.1,-0.8,-2.9,1.3,4.2,1.6,4.2,-11.2,-4.1,-0.1,-1.5,3.3,4.9,-0.9,-2.6,-4.7,6.4,7.9,-0.2,2.7,3.2,-1.4,-6.6,9.2,1.8,-0.5,-2.8,-3.5,-0.8,4.3,0.9,1.2,-3.3,-3.9,-2.1,10.7,-0.0,3.2,0.5,4.5,1.9,0.7,6.7,-1.0,0.7,-4.7,-1.9,2.5,-4.2,1.5,-3.9,-8.3,-1.9,-1.3,5.4,-2.4,-4.0,-3.1,-3.4,0.3,-0.8,-6.4,-2.4,4.4,0.4,-0.7,0.7,-3.3,-1.0,-1.6,1.5,-1.4,-0.4,-1.3,0.1,-3.0,-0.7,-0.1,1.9,-1.5,2.4,0.2,-1.0,7.5,0.1,2.0,2.5,-3.8,1.0,0.1,0.0,2.1,-0.9,-1.8,-0.6,1.4,0.9,-3.3,-2.3,1.5,-0.4,-2.4,-9.6,-1.5,-1.7,2.1,-0.8,-5.9,-2.5,2.7,-3.0,-3.6,-6.7,0.0,-2.0,1.6,0.9,0.1,0.7,-2.9,-1.6,-2.9,0.7,-1.4,-1.9,0.5,-2.5,0.2,2.5,1.9,-2.1,-1.5,-15.4,-2.4,2.2,-5.8,-4.0,-0.8,-2.8,-3.5,-1.0,-2.8,-1.1,-4.1,2.6,-8.0,-11.7,-3.1,0.9,-4.7,-6.2,-0.8,0.5,10.0,-6.9,-14.1,-2.1,6.0,-6.8,-5.2,-9.1,-16.0,-14.9,-22.5,-6.8,-12.6,-4.8,-11.5,-13.3,122.7,51.102843,17.124234
3K5pH6FSwa,0.3,-0.7,2.2,2.8,-0.6,0.5,-3.1,1.2,0.3,2.5,1.2,-3.0,5.1,-0.9,1.3,0.8,0.2,4.0,-5.6,2.1,0.4,-8.8,-15.4,0.2,-0.6,-0.5,0.6,0.3,-0.8,4.1,-4.4,-3.5,1.9,1.1,4.5,4.1,0.5,-2.7,-0.1,-0.2,3.4,2.1,3.8,3.1,1.7,1.0,-1.4,0.4,1.1,2.0,2.0,2.0,-0.5,-0.8,0.9,2.7,-0.7,3.4,4.6,4.7,2.6,4.5,-5.6,1.3,-0.4,1.3,-0.9,1.2,0.0,2.1,-0.3,-0.4,-0.7,-0.7,0.0,0.6,-1.2,-1.1,0.7,4.0,-1.1,0.7,-0.0,1.4,0.4,-0.6,1.7,-0.1,-3.1,-15.7,-0.6,-4.3,0.6,-0.3,-2.1,1.7,3.3,4.3,4.2,6.1,-0.2,-0.1,-1.3,1.5,5.5,0.4,-0.7,-1.3,2.4,4.1,5.7,2.6,1.7,2.3,6.9,-1.3,3.8,1.9,3.8,1.1,2.5,1.9,-3.0,4.6,4.1,-1.4,1.2,0.3,-3.7,6.8,-1.2,0.7,5.2,-2.6,0.3,-1.3,-2.1,-0.5,0.0,-2.7,0.7,1.4,1.9,-4.0,-5.4,-1.0,-0.8,1.0,0.9,-1.4,-1.4,-2.3,-2.1,4.6,-3.7,0.6,-4.3,3.7,-4.6,0.0,3.0,0.7,-2.0,1.4,1.0,-1.8,5.8,-0.8,5.3,0.3,-1.5,5.4,2.0,-4.3,-2.0,0.4,-2.6,0.1,-4.5,-0.2,3.2,6.2,1.7,-5.0,0.3,-2.8,-1.8,-2.6,-3.1,-3.5,-0.4,6.8,-0.2,-1.6,-4.1,2.5,1.2,4.0,-2.7,0.2,0.4,-3.1,-3.4,-1.2,-2.9,6.0,1.1,-0.3,-3.4,0.1,-1.9,-0.5,-1.9,2.1,-2.7,-0.6,-0.4,-6.9,-1.3,0.6,-3.4,-0.3,-1.6,0.9,0.5,4.2,-2.1,1.4,-0.7,-2.6,-1.8,4.8,-3.3,-0.0,-2.5,4.6,2.4,-0.4,2.1,1.3,-4.4,-10.1,0.6,-5.8,4.7,-1.0,4.4,1.0,4.0,-2.0,-0.4,-3.0,-6.6,-3.0,1.3,-0.4,3.7,-1.6,1.4,1.2,2.9,1.8,0.6,-0.2,-3.1,-1.1,-0.5,-3.6,0.4,-4.8,-7.3,-2.3,-2.9,5.0,0.1,-4.6,-3.1,-2.6,-0.9,-1.0,-1.7,-0.4,-0.4,1.1,-1.1,-0.4,0.1,0.7,-2.2,1.0,-2.3,-1.4,-1.9,2.2,-1.8,-2.0,-2.2,3.1,1.6,0.9,0.7,-1.4,6.1,1.8,1.9,1.2,-4.5,-2.1,0.6,-2.0,2.5,-2.3,-0.6,-0.8,3.0,-0.4,-2.8,-2.3,-0.0,-0.5,-3.2,-7.0,-0.6,-1.6,-0.1,6.7,-2.4,0.4,0.1,-2.6,-2.9,-4.7,-0.3,-0.8,-0.7,0.4,-0.0,-0.9,-1.7,-1.3,-0.4,1.7,-1.0,-1.1,1.9,-2.1,-0.8,2.3,1.9,-0.1,-1.2,4.1,1.7,0.9,-0.5,-3.2,-3.6,-4.2,0.3,-2.2,-4.3,-1.6,0.1,-1.9,-6.7,-4.2,-3.6,-1.7,-3.1,-3.5,-2.5,-0.8,2.9,-7.2,-1.9,-4.8,-4.8,-7.5,-3.2,-6.6,-4.4,-11.2,-0.5,-7.5,-10.9,-6.7,-11.4,-20.2,122.8,51.102849,17.124284
3K5pH6FSwc,11.3,7.1,-8.8,-4.8,1.8,-0.9,-2.1,-1.4,-8.5,-2.3,1.7,-10.5,-2.7,-9.2,-0.9,-3.0,-2.9,-3.8,-0.2,-0.9,-1.3,1.6,2.0,0.0,-4.7,-2.6,-1.7,-1.0,-1.2,-0.4,-6.4,-5.8,-2.8,-3.3,0.5,-4.1,-5.0,2.0,-2.4,8.4,2.4,-2.4,-2.7,1.3,-2.9,-0.4,-3.3,-3.1,0.3,-0.1,4.2,1.3,-4.6,-0.4,1.0,2.7,-0.7,0.9,2.4,5.1,0.6,-2.0,3.0,2.4,-1.4,2.3,-1.5,1.1,-12.8,-0.3,-0.7,-2.3,-2.0,-3.7,-0.2,-3.1,-2.5,-2.5,-3.5,-2.2,-2.5,-3.5,-2.9,0.2,-4.7,-5.3,-2.7,-5.7,-5.1,-15.6,-3.3,-4.2,-3.3,-9.0,2.1,9.7,-1.7,-0.7,-0.5,3.5,-5.5,-3.0,-5.3,-3.1,0.3,-1.9,-2.3,-2.6,-2.5,-1.2,-2.3,-2.1,-3.3,-4.7,1.6,-4.3,3.5,-1.4,0.7,-2.3,-2.6,-0.0,-4.9,-0.1,-1.6,-6.6,-3.7,-3.7,5.6,1.6,-3.3,-1.8,-0.8,-2.4,-4.0,-2.6,-3.5,-7.6,-3.2,-13.9,-5.6,0.1,-10.7,-3.1,0.3,-8.8,-0.3,-1.1,-2.4,-6.2,3.3,-13.4,-5.8,6.2,3.1,-11.5,9.8,-4.5,-16.0,-2.9,0.5,-5.8,-1.2,1.2,-4.9,-3.4,-3.9,3.4,-0.9,-3.4,-1.6,0.4,1.1,-2.7,1.8,-5.1,-8.2,0.5,1.8,-1.7,1.9,-0.3,-7.1,-4.6,-1.9,-6.1,-2.2,-4.5,-1.9,-4.0,-5.6,-2.2,-3.2,-7.1,-11.2,2.5,-1.5,-4.6,0.6,-2.5,-3.6,-2.8,-3.8,-4.3,-4.0,5.5,-6.3,-10.0,-7.9,-6.5,-1.2,0.5,-10.6,-6.7,-9.5,-6.0,-4.4,2.2,-1.6,-6.2,6.4,-6.0,10.0,-2.9,-0.8,-1.7,-9.1,1.1,-8.5,5.0,-4.4,-0.0,-3.7,-0.0,6.5,3.7,-2.3,-3.6,1.7,-3.0,-15.0,3.0,-5.4,3.0,1.9,-1.5,0.1,-4.1,-1.2,-4.9,-6.2,-3.9,-14.8,-3.9,-6.4,-5.4,0.3,4.6,-12.2,10.5,-1.3,-8.5,-7.1,-4.6,-9.3,-1.2,0.6,-2.9,-4.4,-2.6,-10.1,-6.2,-5.2,2.7,-6.7,-2.6,-3.0,-3.3,-6.1,-4.2,-3.7,-3.9,-5.3,-1.8,-5.0,-3.8,-0.4,-5.2,-4.0,-4.0,-1.2,-4.4,-6.7,-0.1,-2.3,-5.0,-2.7,-3.0,-2.8,-1.9,-5.1,0.2,-1.4,-2.5,-7.2,-2.1,-3.5,-2.8,-0.2,-3.6,-0.8,-6.7,-0.9,-1.6,-0.4,-2.1,-2.6,-4.1,-0.6,-2.6,-3.0,-6.7,-5.0,-5.2,-1.1,0.9,-3.1,-3.5,-5.3,-1.4,-4.2,-8.5,-3.5,-3.3,-4.3,-3.0,-3.1,-5.5,-1.7,-4.7,-1.5,-0.4,-4.0,-4.3,-5.0,-5.6,-3.5,-3.9,-2.4,-0.6,10.6,-4.2,-0.7,2.7,-3.0,0.9,-0.5,1.8,0.2,-0.3,-1.6,-2.0,-0.8,-1.7,-0.6,-1.6,-3.0,-1.7,-3.0,1.5,-8.9,-1.4,-8.3,-5.5,-2.8,3.9,-5.4,0.6,-2.1,-5.8,-5.2,-4.6,-5.0,5.9,-0.3,3.9,6.6,3.3,122.8,51.102859,17.124382
3K5pH6FSwe,-0.8,4.0,-2.1,3.1,-9.6,-6.2,-7.2,-2.7,0.3,-4.2,10.6,-10.0,-9.3,9.2,-5.4,-7.3,-4.5,-9.1,-2.5,-7.2,-7.2,-0.7,0.9,-5.3,-3.9,-1.6,-1.3,-4.2,-6.5,-3.7,5.8,-11.0,-5.0,0.0,6.4,-4.1,-2.7,-6.8,-6.3,-1.1,-1.3,-4.4,-3.1,-0.4,-6.2,0.3,-3.1,-4.3,-2.3,-2.2,-5.8,-13.2,-5.8,-5.3,-2.0,-3.1,-7.9,-0.3,0.8,-20.1,-6.9,-4.2,-3.5,-2.1,-10.7,-3.6,-4.0,-1.4,-6.9,-4.4,-0.1,-6.2,-0.5,-2.7,-12.9,-9.0,-4.1,-7.2,-12.2,-4.4,-7.8,-1.3,-9.1,-6.5,-4.3,-2.9,-4.8,-11.4,-11.0,-19.6,-6.8,-10.4,-8.8,-8.8,-14.0,-19.7,-6.3,-4.9,-0.4,3.5,-6.9,-4.9,-6.5,-3.5,1.2,-5.8,-5.3,-7.2,-3.9,-7.5,-0.8,-6.8,-7.6,-10.2,-7.1,-3.7,-2.5,-1.9,-3.1,-4.5,-5.4,-0.7,-8.9,-3.2,-5.9,-6.0,-12.4,-5.9,-4.3,-10.5,7.7,0.7,-8.8,-4.7,-4.5,-7.5,-6.5,-11.1,0.9,-5.8,-5.0,-2.8,-1.2,-9.6,-8.3,-9.7,-4.3,-8.2,-3.6,-10.9,-8.0,-15.8,-5.8,-0.7,-1.4,4.0,-3.8,-12.6,-8.4,5.4,-4.5,-11.8,-2.4,-1.2,-6.7,-9.4,-7.8,-5.2,-1.8,-6.3,-7.0,-0.6,-3.2,-3.4,3.6,0.9,-4.5,-6.5,-3.6,-2.9,-6.7,-3.4,-6.9,-0.3,-4.4,-1.5,-8.6,-10.4,-0.8,-8.1,-8.4,-1.0,-7.5,-8.0,-9.1,4.3,-1.5,-0.6,-4.6,-3.9,-8.2,-10.4,-5.3,-4.8,-6.2,-4.2,-7.9,-12.3,-11.7,-7.3,-10.2,2.4,6.8,-9.3,-6.8,-9.4,-7.2,-3.3,-9.8,-5.9,-7.2,-6.4,2.5,-6.6,-5.8,-5.1,8.9,-7.0,-12.0,-0.1,-4.9,-1.2,-7.0,-3.4,-3.4,-1.4,-8.0,-6.8,-6.3,-3.8,-8.9,-5.6,-8.6,-3.0,-3.7,-5.1,-2.5,-7.8,-5.1,-11.6,-4.1,-8.0,-13.5,-5.3,-8.8,-6.2,-7.6,1.3,-9.2,-9.0,-5.0,-9.0,-4.4,-7.6,-12.1,-4.2,-8.3,-15.9,-10.3,-13.5,9.1,-6.3,-11.3,1.5,-7.3,-10.5,-12.2,-12.4,-2.2,5.9,0.3,-12.9,-10.9,-4.3,-4.5,-16.7,7.4,-11.7,-8.0,-5.6,-1.8,-0.1,-7.3,-0.4,-15.7,-3.2,-5.6,-4.5,-9.3,-10.9,-10.4,-4.8,-0.2,-4.5,-12.6,-4.8,0.1,-4.9,-7.5,-3.1,-5.0,-5.8,-3.2,-4.0,-4.3,-7.6,-7.1,-8.0,-6.1,-6.9,-10.1,-1.6,-2.5,-8.3,-10.2,-6.3,-10.9,-8.5,-7.2,4.4,-4.9,-14.0,-8.5,-8.4,-7.0,-10.4,-8.8,-11.1,-6.3,-9.0,-14.0,-6.8,-11.8,-5.1,-1.5,-6.9,-2.2,-8.8,-4.5,-1.8,0.8,-5.0,-4.3,-7.5,4.3,-8.9,-4.1,1.2,-1.3,-1.0,-1.8,-3.1,-1.9,-4.0,-15.1,1.2,-0.4,-0.9,4.5,-4.1,0.9,-1.6,-7.9,-12.9,-2.1,2.4,-4.8,-4.6,-1.1,1.8,-6.9,-6.5,-11.7,-0.9,3.8,-13.2,7.6,-4.2,122.7,51.102869,17.124479
3K5pH6FjzX,,,,,,,,,,,,,,,,,,,,,,,,,,,,,,,,,,,,,,,,,,,,,,,,,,,,,,,,,,,,,,,,,,,,,,,,,,,,,,,,,,,,,,,,,,,,,,,,,,,,,,,,,,,,,,,,,,,,,,,,-0.9,-0.9,-1.1,-0.8,-6.9,0.3,0.0,2.1,-5.7,6.1,-5.5,-4.3,1.4,1.9,3.5,-1.6,-0.1,-1.3,9.7,-3.9,0.8,2.7,4.5,-2.6,2.6,-4.3,-2.2,-2.6,0.8,-2.9,-5.8,0.1,-0.0,3.1,-2.8,-5.0,-0.9,4.3,1.0,-2.4,4.6,-5.9,1.2,-5.5,-0.9,1.8,-1.0,-5.0,-1.8,-4.6,-0.9,4.7,4.9,4.4,0.3,4.1,3.8,2.6,-10.5,-3.0,14.7,-1.2,2.8,10.3,4.0,-0.5,-5.7,0.5,-1.2,-0.1,0.3,3.4,-1.6,-4.0,2.6,3.7,1.5,-0.1,3.2,-2.4,-1.5,0.9,3.5,-4.0,-1.7,-1.5,-3.2,2.1,-1.3,-1.6,4.1,-1.0,-3.1,-2.1,1.3,-1.0,1.5,-0.8,2.5,-6.2,-4.5,4.9,2.7,-1.5,1.6,1.5,-2.8,1.6,1.2,13.9,-0.7,3.6,2.2,-2.6,6.7,4.5,-2.9,3.3,-9.2,0.5,2.9,3.6,-2.6,0.9,3.9,1.3,-2.5,14.4,5.0,0.7,0.3,5.3,2.5,-4.9,1.3,0.5,2.3,0.1,-0.5,0.7,-1.8,-6.8,-4.1,-4.8,-4.6,-4.4,-1.3,-3.3,-0.6,-6.3,-2.1,-9.7,-2.3,-10.4,-7.9,-2.1,2.4,-5.3,-0.0,2.9,2.4,-3.9,-3.0,1.8,2.2,-4.7,-7.0,-2.7,1.5,-0.9,-1.8,-6.2,5.8,3.1,0.1,0.6,-10.6,2.9,-11.5,-0.3,4.8,-5.7,12.9,-1.2,3.6,-7.3,7.5,0.1,-1.5,7.0,2.3,6.6,-5.8,2.5,-1.6,-2.2,7.8,-0.0,-3.2,-6.5,1.9,4.0,9.0,0.9,1.7,-4.0,3.6,-0.7,-3.3,-2.0,7.6,6.4,2.6,5.8,-1.9,-3.7,-7.3,8.7,1.3,-0.4,-5.8,-5.6,0.6,-2.9,-8.1,-1.0,3.8,-0.8,3.2,-2.5,-4.5,-1.3,2.0,-2.1,-1.0,4.5,5.5,-0.9,-1.7,5.9,0.7,9.4,-2.7,-6.7,-7.9,-0.5,-6.6,-2.6,3.6,-5.0,-2.3,-1.5,3.3,-2.8,3.0,-5.9,0.4,1.2,-4.0,0.8,-1.7,7.3,7.6,-2.9,1.6,2.4,-2.0,-0.3,0.7,127.2,51.102954,17.124081
3K5pH6Fjza,,,,,,,,,,,,,,,,,,,,,,,,,,,,,,,,,,,,,,,,,,,,,,,,,,,,,,,,,,,,,,,,,,,,,,,,,,,,,,,,,,,,,,,,,,,,,,,,,,,,,,,,,,,,,,,,,,,,,,,,2.3,2.3,3.3,-2.5,-4.4,-1.1,0.7,-3.4,-2.3,1.9,-0.5,0.8,3.3,-3.4,-3.8,5.3,-0.5,-2.1,-4.6,8.7,-2.1,0.5,2.7,3.0,-10.1,-2.6,3.0,-1.1,-1.3,-0.8,4.3,-2.9,1.5,9.0,-6.7,13.1,-2.2,-0.5,-0.6,-1.8,5.2,2.9,-0.5,2.3,-2.7,-4.1,1.4,4.5,0.0,1.5,-1.4,-3.1,1.1,-1.7,-3.3,-10.2,-2.3,7.5,5.7,-0.9,3.1,1.3,4.6,-6.9,-2.5,-6.0,12.0,-0.1,-0.9,1.2,4.6,-0.3,-3.1,-1.8,-0.7,-0.7,-2.3,3.8,-2.9,7.0,1.9,1.1,0.4,-4.1,0.5,0.0,0.4,6.2,-9.2,0.9,2.6,1.5,1.3,2.3,9.2,-8.4,-7.3,-4.9,-2.7,0.5,3.2,5.1,3.9,-2.5,7.8,-2.1,7.8,4.7,-1.7,3.2,4.2,5.1,10.2,1.7,-4.0,-0.0,3.4,3.6,0.4,-9.0,-1.4,0.3,7.1,5.2,-3.3,10.2,9.2,3.8,1.1,8.5,-1.3,-1.3,2.7,-1.2,3.9,0.6,-1.5,6.6,-0.5,-0.5,8.8,1.9,-2.2,-11.3,0.9,-2.4,-3.3,1.2,-2.2,-3.5,1.0,-9.4,-1.1,3.4,-6.6,4.5,2.4,-8.5,-0.0,-5.5,-3.0,0.5,-1.0,-0.6,-3.7,4.0,2.4,12.9,3.4,2.7,1.6,-1.0,1.9,4.0,-2.1,0.1,-0.8,-4.7,-2.4,-9.4,6.1,-6.0,3.5,-2.1,-3.7,11.8,-8.6,1.3,-0.9,-4.6,5.3,-6.6,3.2,-4.9,0.2,2.9,4.5,-0.5,-0.6,0.5,-4.9,3.0,0.5,-2.1,4.2,-0.8,-2.3,-0.3,4.4,-0.9,-4.2,4.0,-1.9,-2.5,-3.0,0.9,-3.2,1.8,-0.3,1.0,0.6,0.5,3.4,2.3,-3.0,2.4,8.6,-0.1,1.9,-9.2,2.6,5.8,1.4,2.3,-2.6,0.4,-6.5,-1.9,-2.3,5.8,-1.8,0.5,9.1,0.4,5.1,2.4,0.5,2.9,-3.5,1.2,-0.3,4.5,-6.1,-0.6,3.3,-3.5,0.6,-5.0,-0.3,5.2,1.3,0.2,3.2,-2.4,2.8,-1.5,1.5,3.7,-0.1,128.4,51.102971,17.124245
3K5pH6Fjzb,4.6,0.5,3.0,-0.3,1.6,-2.3,-3.9,0.8,0.6,-0.1,-3.1,-0.9,5.0,0.1,-3.2,-1.7,-0.6,3.6,-4.6,-3.5,-1.6,-3.9,-5.5,0.0,1.3,0.6,1.9,1.1,1.0,3.2,-6.6,-4.7,-0.2,1.1,-0.4,8.7,-0.7,-3.5,-7.2,-1.7,3.5,-1.1,5.6,2.4,7.4,-0.4,-0.6,-1.5,0.4,3.0,2.8,-0.5,1.4,-4.5,0.6,0.6,0.4,4.0,6.3,5.2,0.1,-1.5,5.0,1.1,-1.6,0.2,0.1,2.5,0.7,2.1,0.8,0.4,0.7,-1.9,-2.5,-1.8,-0.1,-2.6,2.2,3.5,0.2,-0.7,-0.4,-1.5,4.0,-1.2,0.7,-2.4,-2.8,9.4,-1.1,-6.7,1.6,2.2,-4.8,-0.3,-9.7,-1.1,-0.7,6.9,-0.6,0.3,-3.0,-0.3,3.2,1.4,-1.4,-0.8,6.6,-15.1,5.4,4.3,-11.8,-3.2,4.0,9.8,3.2,-4.8,2.6,0.3,1.3,-1.0,6.8,4.4,-2.7,-3.5,-5.3,-5.2,-8.7,-9.7,-6.2,-13.0,-3.7,-4.0,-11.9,-1.9,-1.3,-1.6,11.8,-3.1,-3.2,0.1,2.6,-5.4,-4.4,-1.4,-0.3,-0.6,1.4,-3.5,-3.2,-1.3,-3.1,2.5,-4.5,-1.3,-5.8,-7.9,-1.1,0.1,2.3,0.9,-1.1,3.3,2.3,-2.6,7.9,-3.9,0.0,-2.5,-2.0,0.6,-0.1,-2.2,0.3,0.1,-3.3,-5.3,-4.6,-0.8,2.6,4.8,-0.0,0.4,-2.2,-6.6,-4.9,-2.5,-5.4,-4.1,-10.4,-10.8,-5.3,-4.5,-3.9,-3.1,-10.3,1.1,-5.9,-1.6,-0.4,-0.6,-6.8,-2.6,-3.4,5.2,4.3,-0.0,-2.7,-3.8,-4.4,-3.9,-1.7,4.7,-1.5,-3.0,-4.8,-5.4,-2.0,0.8,-0.6,0.2,0.5,1.6,0.1,-0.3,0.8,-1.2,-0.3,-1.7,-1.9,2.7,-4.5,-2.7,-3.3,5.0,5.2,0.5,0.9,2.7,0.0,-5.1,-3.5,0.3,0.8,-1.1,-5.3,-2.7,3.4,-4.0,-3.7,-4.1,-4.2,-3.9,-2.0,-1.6,3.6,-2.5,2.4,0.9,-1.6,1.9,-0.3,-0.7,-7.3,-1.8,-0.6,-3.2,-0.6,-2.9,-5.6,-3.7,-2.0,4.8,-3.9,-4.7,-2.0,-3.4,2.3,-3.4,-3.3,-2.0,4.4,-1.2,-3.7,-0.3,-2.0,-2.7,-3.0,-5.3,-1.1,-1.5,-1.3,0.3,-1.4,-1.6,-0.7,-2.6,-0.8,1.6,-1.0,-0.1,7.0,-0.4,0.5,0.7,-4.8,-3.1,-0.6,-1.4,-0.0,-2.0,-1.5,-5.1,-2.9,-2.5,-5.4,-3.7,0.9,-1.7,-1.2,-11.3,-2.7,-3.7,0.8,-1.0,-4.1,-2.7,-1.4,-3.9,-5.7,-7.0,-1.6,-3.6,0.1,-2.6,-1.5,-3.0,-5.3,-1.5,-1.4,-1.4,-0.1,-2.8,-0.3,-4.2,-3.7,1.7,1.7,-1.4,-1.0,-3.7,3.1,-0.6,-8.4,-4.8,0.7,3.2,1.6,2.6,-0.7,1.6,-3.4,2.2,-3.4,0.3,1.0,1.5,-0.6,-3.0,1.9,3.4,-2.0,-3.2,10.8,-0.5,0.5,-2.1,-0.2,-5.4,-0.9,-7.5,5.1,-1.3,-5.0,-2.3,-2.8,-9.6,122.7,51.102967,17.124202
3K5pH6Fjzc,-1.2,-0.1,1.7,2.2,0.5,-0.1,-2.5,2.2,1.3,2.5,-0.1,-3.6,4.2,-0.4,-0.8,-0.8,1.2,5.6,-6.6,-1.9,2.6,-5.5,-9.8,0.8,0.8,0.9,2.4,0.2,-0.5,4.2,-6.1,-3.7,0.4,0.5,4.3,6.2,1.2,-4.7,-6.0,-1.3,5.4,3.6,4.5,3.7,6.9,1.3,-0.9,1.5,0.3,2.2,1.9,2.1,-2.0,-4.3,-2.0,0.8,-0.4,6.6,5.5,-8.2,3.6,8.3,-1.1,2.2,-1.5,0.7,0.7,1.7,1.1,2.9,0.1,0.9,-0.2,0.4,-1.5,0.4,0.1,-2.1,3.0,1.9,-4.1,0.4,-0.1,-0.8,2.0,-1.4,2.2,-0.3,-3.2,-16.1,1.2,-6.0,-0.3,-0.9,-6.0,1.3,8.5,1.0,4.9,6.8,-0.7,-0.2,-1.8,2.8,6.3,1.6,-0.8,-0.1,5.3,5.6,8.8,1.7,-11.6,-3.0,-5.8,-1.9,-2.2,-5.9,4.1,-2.1,6.4,2.9,-6.3,8.2,1.8,-5.3,-1.5,-3.2,-3.6,-11.7,-7.8,2.8,-9.0,-3.5,0.8,-1.3,-1.2,-1.4,0.7,-4.0,0.5,0.2,-2.4,-4.2,-6.5,0.6,-0.9,0.3,1.2,-3.2,-1.4,-2.0,-4.5,-10.3,-2.7,-0.1,-4.3,6.8,-3.1,0.5,3.4,1.4,-2.0,2.6,4.8,-2.2,8.0,-4.7,7.2,-2.0,-0.7,11.9,-0.3,-3.8,-2.0,-0.2,-2.7,-3.0,-5.0,-0.7,2.0,8.4,0.9,-3.3,-0.1,-3.5,-2.6,-3.5,-6.1,-4.6,-1.6,-10.7,-1.3,-3.5,-6.3,-3.7,-8.3,7.1,-5.0,0.1,3.5,-2.4,-6.5,-1.0,-3.4,9.4,1.7,0.4,-2.3,1.3,-1.4,-1.0,-5.5,2.2,-3.1,-2.9,-0.8,-6.2,-3.4,1.6,-2.4,-0.8,-1.7,2.1,1.9,7.9,1.9,8.4,0.8,-1.6,-2.1,5.7,-5.8,0.1,-3.0,-12.7,3.6,0.6,1.6,2.1,-3.3,-6.2,1.6,-3.2,-1.3,1.1,-11.6,-1.3,5.9,-6.0,0.8,-3.0,-4.1,-3.7,0.9,-0.7,4.7,-5.7,1.6,2.4,5.9,0.8,1.0,-1.1,-2.3,-0.7,-1.5,-3.1,0.6,-3.8,-5.4,-1.8,-5.2,4.4,-0.1,-6.5,-2.3,-4.1,0.2,-4.0,-0.9,0.4,-0.5,-0.2,-1.5,-1.5,0.8,3.4,-0.7,3.4,-1.0,-1.5,-0.7,2.4,-0.9,-1.6,-0.2,-3.1,5.0,1.9,4.3,1.7,8.2,-7.6,4.8,2.8,-2.7,-9.2,0.6,-3.1,2.6,-2.6,-1.9,-0.7,1.3,-1.9,-3.4,-3.1,-1.7,-0.8,-2.2,-10.0,0.0,-3.3,1.0,11.1,-2.5,0.6,-0.3,-2.0,-3.3,-6.8,-0.6,-0.9,-0.5,-1.0,1.2,-2.3,-0.4,-0.8,0.1,1.4,0.6,-3.0,3.1,-3.0,-2.0,3.0,2.1,0.9,-0.1,4.8,4.0,1.8,-1.3,-3.9,-2.4,,,,,,,,,,,,,,,,,,,,,,,,,,,,,,,,122.8,51.102972,17.124253
3K5pH6Fjzh,-2.1,-1.7,-3.0,-4.5,-4.5,-2.0,-1.0,1.4,10.0,2.4,-4.8,-2.0,-1.6,-7.6,1.5,3.1,-2.8,0.4,7.4,-0.6,0.8,-3.1,9.7,2.5,-1.8,-1.3,2.9,-1.5,-1.2,1.1,-8.0,-3.9,-0.1,-11.0,0.1,2.7,5.0,-3.8,-1.1,7.9,4.2,-4.3,-2.6,6.9,1.9,0.8,-5.0,0.5,4.8,5.5,1.0,-1.0,1.4,0.4,9.7,5.5,0.4,2.5,0.2,-15.7,-1.7,0.1,2.6,6.9,-1.8,1.6,2.7,3.1,-0.6,1.2,1.2,-3.7,-3.9,10.8,-3.7,-3.1,0.2,-0.4,-1.0,4.5,-2.1,1.4,-2.5,3.7,-2.8,-0.6,1.0,-2.2,-2.9,10.7,1.8,-1.1,2.6,-0.7,-3.7,-5.4,2.8,1.4,4.6,10.5,-7.2,2.0,-0.9,0.6,2.8,5.0,0.7,-1.7,2.3,-2.7,0.3,1.2,0.7,-2.0,2.9,0.3,3.4,-6.6,5.2,2.2,0.6,0.8,-1.0,1.7,-0.4,-2.6,-6.7,2.7,1.3,-1.7,-5.1,6.9,-1.0,-0.5,-3.7,-1.3,-7.2,-7.8,-1.6,-0.6,2.0,3.3,-0.7,2.2,4.0,-2.7,-7.0,2.3,3.1,-4.2,1.9,-3.9,-4.0,-12.0,11.9,11.5,8.4,-2.0,0.2,-13.4,5.2,-4.3,3.5,-12.3,1.9,-6.0,-0.4,0.2,4.4,0.0,5.4,2.2,6.2,4.4,2.7,1.3,2.1,4.9,2.1,2.8,1.0,7.0,4.9,9.9,1.1,11.0,-1.2,-0.3,-0.3,2.7,-5.4,-0.3,0.7,0.3,-0.9,12.7,4.7,5.1,6.4,2.3,0.5,-3.1,2.1,-6.6,-0.9,2.3,-5.1,-4.0,0.3,-1.0,0.3,-1.6,-12.5,-3.3,-2.9,1.8,-1.9,2.5,13.4,-6.8,-8.2,1.5,-11.9,1.2,-0.8,-7.1,-5.8,-2.3,-5.8,5.7,0.3,5.8,-3.7,3.4,-3.2,7.0,0.7,-4.1,2.8,4.0,-3.6,-1.5,2.2,7.3,6.2,1.1,-2.9,-0.2,5.1,-3.9,-4.8,2.5,-1.7,5.8,-3.4,3.9,2.0,13.6,-5.3,1.4,7.1,-5.9,-2.9,0.5,-6.1,6.9,-1.9,-5.6,-6.3,-2.3,-9.4,-1.2,-7.0,6.0,0.3,-5.4,-4.6,-7.0,-1.2,-8.1,0.7,-2.1,0.4,1.1,0.1,-4.0,-2.4,-6.1,-0.0,3.9,4.7,-4.5,0.2,0.3,-3.9,-0.8,2.9,3.3,-1.1,-1.4,-4.1,0.5,-5.6,-1.6,0.0,1.5,-4.7,-1.3,-5.7,0.8,2.0,-6.7,0.2,-0.4,2.1,3.1,-4.4,-3.7,2.6,0.6,-8.6,-7.5,-2.9,-1.7,-8.1,-2.0,0.5,-2.0,16.1,-2.8,-2.4,-5.6,-4.7,-0.0,-3.7,-1.8,-2.2,-2.6,-0.2,-3.5,-5.2,-1.9,-3.5,-1.5,-1.3,-7.9,-7.6,-0.6,0.3,6.0,9.1,2.4,2.5,-0.9,1.8,-0.2,-0.8,-1.1,0.9,4.6,-5.9,-0.4,-0.7,-7.3,-8.5,1.2,-4.1,-5.6,-3.5,-0.4,-1.1,-1.8,-5.0,-10.7,0.5,7.4,-4.4,0.2,1.8,-2.1,-6.4,-4.1,-8.6,1.7,-1.9,3.8,-1.5,-1.4,122.7,51.102997,17.124494
3K5pH6H6t1,,,,,,,,,,,,,,,,,,,,,,,,,,,,,,,,,,,,,,,,,,,,,,,,,,,,,,,,,,,,,,,,,,,,,,,,,,,,,,,,,,,,,,,,,,,,,,,,,,,,,,,,,,,,,,,,,,,,,,,,0.3,0.3,0.4,-1.4,-0.9,-0.1,4.7,3.8,-1.2,0.3,-1.4,-6.0,-5.4,-3.7,-3.6,-15.0,-6.3,2.2,-3.4,-2.2,-11.8,-5.8,-0.0,-6.1,-2.5,-14.8,-15.5,9.7,-3.1,-6.5,-2.7,-6.8,-0.4,-1.8,8.7,-2.5,-1.9,7.5,-7.9,7.3,1.0,-14.0,-6.4,-0.8,-6.6,-2.0,-6.2,-1.8,-2.4,-0.2,-2.8,-1.8,-0.6,-0.1,-4.6,-1.5,-3.5,-1.7,-1.1,-1.8,-1.5,-1.0,-1.3,-1.5,-0.3,-1.0,-0.1,-1.0,-0.6,2.3,-1.6,1.4,-2.3,-2.6,-2.2,-3.6,-0.0,-2.9,-3.2,-1.9,-4.3,-9.6,-5.2,-6.9,-3.5,-1.7,-14.8,-6.5,-11.4,1.3,-5.6,-10.1,-4.7,-3.0,-10.4,-3.0,-6.4,-13.5,-8.5,-4.4,-1.0,-7.4,-5.4,-8.4,-5.0,-3.3,-6.2,-3.2,-1.1,-7.3,-4.0,-4.3,-11.1,-0.7,-6.1,-0.9,-6.2,-3.0,-5.8,-3.1,-0.4,-2.7,-2.6,-1.6,-5.2,-0.8,-6.1,-2.5,-4.4,-2.9,-1.3,-10.2,-4.5,-5.1,-2.6,-3.8,-4.8,-8.4,-4.0,-4.3,-4.4,-6.6,-0.8,-5.2,-4.0,-4.5,-2.3,-6.1,-5.4,-1.4,-0.2,-7.5,-5.0,-10.1,-2.4,-7.1,-1.8,-6.5,-3.2,-7.8,-3.5,-4.1,-6.3,-4.8,-0.7,-3.6,1.2,-5.3,-3.6,-4.5,-4.7,-4.1,-4.3,-2.8,-4.9,-3.3,-1.7,-3.0,0.0,0.4,-2.0,-0.7,0.4,-4.7,0.2,-2.5,5.4,-0.0,-5.0,-1.7,-4.4,-5.8,-4.0,-3.7,-1.8,-6.5,-2.4,-5.1,-2.4,-5.0,1.6,-3.5,-6.3,-6.4,-7.1,-8.2,-8.2,-9.8,-5.7,-4.2,-7.6,-8.7,-7.5,-6.5,-6.3,-7.4,-10.5,-7.3,-6.2,-2.7,-3.3,-3.3,-7.8,-3.6,-7.1,-4.6,-4.1,-4.9,-2.5,-6.3,-4.1,-6.9,-4.3,-5.1,-7.0,-7.1,-4.6,-5.9,-3.8,-5.0,-6.9,-9.9,-9.7,-8.2,-11.9,-2.1,-5.0,-6.7,-3.8,-8.3,-7.9,-10.0,-11.8,-14.4,-16.0,-13.0,-17.4,-15.9,-9.1,-8.7,-6.7,-9.6,-1.1,-8.9,-6.9,-8.3,-6.6,-3.0,0.1,126.7,51.096761,17.058148
3K5pH6H6t3,-0.1,-0.3,0.2,5.0,2.7,3.8,6.2,4.7,3.5,7.2,5.2,0.1,1.7,-9.7,-0.8,-9.5,5.5,1.0,0.9,6.0,0.2,5.4,4.6,7.0,8.1,7.6,5.7,10.6,7.0,6.3,7.9,8.7,10.3,10.5,8.4,11.3,7.5,8.3,6.9,8.0,6.1,7.7,6.9,7.9,5.4,5.9,8.1,3.5,4.5,9.2,6.7,4.7,0.6,6.8,7.0,8.0,3.1,6.1,5.1,5.5,5.4,3.7,5.0,5.3,4.4,4.7,1.9,6.0,4.1,5.5,5.3,5.9,7.4,5.7,7.1,6.7,7.5,4.6,6.1,3.9,5.3,8.5,8.6,9.0,4.6,6.1,4.9,7.9,11.0,5.1,10.5,6.8,8.2,10.5,10.2,7.5,7.6,7.6,5.8,7.0,7.3,4.5,5.7,6.1,7.1,6.2,4.0,5.1,5.8,5.5,8.7,6.3,4.9,5.2,4.7,5.7,6.2,3.5,5.5,4.7,7.6,5.3,4.2,7.2,4.0,4.0,3.7,5.2,6.4,5.1,6.7,4.6,4.4,4.1,6.1,9.5,6.5,8.2,4.3,7.5,7.8,7.4,10.7,5.1,4.9,3.9,10.7,5.7,7.3,9.0,8.1,9.1,9.5,7.1,6.3,9.4,8.0,6.8,8.3,6.8,7.7,8.0,9.1,3.5,6.8,7.3,5.6,5.5,3.9,9.7,5.4,5.1,5.1,4.9,5.6,6.6,5.5,5.5,5.8,10.1,4.2,2.4,4.9,6.1,5.3,3.1,7.3,2.1,5.7,6.1,4.7,6.5,7.4,8.5,7.3,4.3,9.0,8.9,-0.0,7.0,7.2,9.3,6.6,10.2,9.2,12.2,9.9,10.4,11.1,10.8,6.3,5.5,6.0,9.5,6.7,7.7,6.8,6.5,10.3,5.7,6.7,6.9,5.2,6.6,5.0,7.6,5.3,4.3,6.4,4.7,4.6,3.8,5.7,3.7,7.0,5.9,6.9,4.8,5.1,6.7,8.2,4.0,7.1,5.4,5.9,6.4,3.2,6.3,8.1,9.5,7.4,8.0,5.9,7.4,6.8,8.9,7.4,10.7,7.9,8.0,-5.1,6.2,7.2,8.7,8.9,8.9,9.1,7.8,6.1,6.9,10.8,7.9,6.3,4.9,6.2,8.2,9.6,9.6,8.0,7.9,7.9,9.9,6.5,5.6,6.8,3.8,5.4,9.5,4.8,8.3,2.5,7.0,0.1,7.0,10.4,4.3,8.1,8.5,5.9,6.6,8.1,5.3,3.5,8.3,2.5,4.5,6.3,5.7,5.3,5.2,6.3,7.9,7.8,8.1,6.5,5.5,1.3,6.4,3.1,1.1,2.7,7.6,6.4,6.8,6.2,9.2,7.4,6.0,6.4,7.5,9.7,6.7,7.0,8.1,5.1,5.0,6.6,8.9,8.5,6.5,7.2,5.4,4.8,5.2,6.2,5.7,7.9,6.3,8.9,7.8,3.4,5.4,5.1,4.3,4.2,2.2,8.4,,,,,,,,,,,,,,,,,,,,,,,,,,,,,,,,125.5,51.096769,17.058223
3K5pH6H6t4,-2.3,-3.1,4.0,1.7,-0.9,0.9,1.0,1.2,4.2,2.4,2.3,-4.3,-1.2,10.6,13.7,6.3,-0.9,-0.8,4.8,-0.5,-6.7,0.6,2.0,4.4,1.7,2.8,3.2,3.9,3.8,1.4,5.7,3.6,6.9,4.9,7.2,6.8,3.6,5.5,5.9,3.5,2.3,4.1,3.3,5.1,2.4,2.7,4.3,2.0,3.3,5.8,2.4,1.0,0.6,3.0,4.2,1.4,1.2,1.5,2.4,1.9,1.7,1.2,1.4,0.4,-0.4,1.9,-0.4,3.8,1.3,0.1,3.8,1.6,3.2,1.0,1.9,2.5,0.6,2.3,2.0,-2.5,2.8,3.1,5.1,6.7,2.0,3.8,3.2,4.8,6.8,1.8,5.2,4.4,4.1,6.4,7.0,6.0,5.2,3.2,4.2,5.1,3.4,0.3,2.3,4.3,1.8,1.9,3.1,0.6,4.7,1.4,4.1,2.2,-0.2,1.4,5.2,2.3,4.5,0.2,9.9,2.0,5.7,2.2,1.1,3.3,1.9,0.3,1.2,0.3,2.5,1.9,3.4,2.5,-1.1,2.3,1.3,3.3,5.2,3.3,3.6,5.9,4.8,4.5,7.9,4.7,2.7,-0.1,4.5,1.3,3.7,3.9,4.7,6.4,7.6,3.7,2.7,9.2,4.6,3.8,5.5,2.5,4.3,1.6,4.2,1.6,4.7,3.5,2.3,3.8,-1.3,6.1,3.2,1.7,3.5,2.9,2.5,4.3,2.0,3.0,1.0,4.0,1.9,5.4,0.3,-0.2,3.3,1.0,2.5,0.1,-0.3,2.2,2.8,3.8,2.8,1.6,2.4,0.7,5.2,5.7,-0.1,5.3,1.1,5.5,0.5,6.7,6.8,8.6,4.3,5.9,8.4,8.0,5.1,5.7,5.2,5.1,2.6,7.5,4.7,3.7,5.0,2.9,2.6,3.9,2.2,3.3,2.8,4.9,2.5,2.7,2.7,1.8,1.5,2.1,2.2,-0.4,1.4,2.8,1.6,1.9,1.6,1.8,3.7,0.9,2.6,0.4,2.0,2.6,0.5,2.4,4.1,4.9,4.4,5.4,-0.5,2.2,2.0,4.7,2.4,6.1,1.4,2.8,7.6,4.3,2.6,5.3,1.4,5.3,5.3,6.1,1.5,4.1,8.0,3.8,2.8,-0.0,0.5,2.8,4.4,4.7,2.7,5.9,5.2,7.4,4.6,1.5,0.4,0.9,0.5,1.5,0.4,8.1,-1.3,0.9,-5.9,-0.2,5.3,0.2,4.0,2.7,1.8,3.3,5.5,3.4,0.2,4.1,1.1,1.7,2.4,0.5,2.5,3.3,1.6,2.3,3.4,3.2,1.5,-1.3,4.3,1.7,3.6,1.5,-1.4,2.7,3.1,4.6,3.7,5.9,4.5,5.0,3.1,5.3,6.7,4.3,3.2,5.7,3.9,1.7,2.0,6.2,4.8,4.3,3.4,4.3,2.7,0.9,1.9,3.8,-0.3,2.3,4.7,3.7,3.0,0.9,4.1,0.2,0.1,-3.3,5.8,,,,,,,,,,,,,,,,,,,,,,,,,,,,,,,,124.5,51.096773,17.058257
